IP Address, Port, TLS, Data Center, Region, City, ASN, latency
176.97.66.175,443,true,AE,N/A,-,3nt solutions LLP,-
20.174.15.226,443,true,AE,N/A,-,Microsoft Corporation,-
3.29.240.49,443,true,AE,N/A,-,Amazon Data Services UAE,-
90.156.221.54,443,true,AE,N/A,-,ITGLOBAL COM DMCC,-
139.45.214.122,443,true,AM,N/A,-,RETN AM Limited Liability Company,-
139.45.214.126,443,true,AM,N/A,-,RETN AM Limited Liability Company,-
194.156.103.67,443,true,AM,N/A,-,GLOBAL CONNECTIVITY SOLUTIONS LLP,-
2.56.204.183,443,true,AM,N/A,-,Proitlab LLC,-
2.56.204.246,443,true,AM,N/A,-,Proitlab LLC,-
2.56.206.160,443,true,AM,N/A,-,Proitlab LLC,-
2.56.207.235,443,true,AM,N/A,-,Proitlab LLC,-
87.121.47.32,443,true,AM,N/A,-,GLOBAL CONNECTIVITY SOLUTIONS LLP,-
151.236.8.190,443,true,AT,N/A,-,EDIS IPv6 Infrastructure in Austria,-
185.104.63.201,443,true,AT,N/A,-,ZetServers Vienna,-
185.104.63.202,443,true,AT,N/A,-,ZetServers Vienna,-
185.104.63.203,443,true,AT,N/A,-,ZetServers Vienna,-
85.236.242.36,443,true,AT,N/A,-,Cable Customers,-
125.7.24.251,443,true,AU,N/A,-,Macquarie Telecom,-
152.67.125.161,443,true,AU,N/A,-,Oracle Public Cloud,-
152.67.125.174,443,true,AU,N/A,-,Oracle Public Cloud,-
16.176.42.97,443,true,AU,N/A,-,Amazon Corporate Services Pty Ltd,-
194.195.252.133,443,true,AU,N/A,-,Akamai Connected Cloud  Linode,-
207.148.80.190,443,true,AU,N/A,-,The Constant Company LLC,-
207.211.153.234,443,true,AU,N/A,-,Oracle Corporation,-
45.77.236.204,443,true,AU,N/A,-,Vultr Holdings LLC,-
185.99.2.175,443,true,BA,N/A,-,Globalhost doo  Virtual Private Servers,-
103.115.253.253,443,true,BD,N/A,-,Star Internet Service,-
103.159.170.124,443,true,BD,N/A,-,MD AKASH AS ONLINE,-
103.48.16.37,443,true,BD,N/A,-,Bangladesh Computer Council,-
103.81.172.34,443,true,BD,N/A,-,ADN Telecom Ltd,-
148.177.146.71,443,true,BE,N/A,-,Johnson  Johnson,-
35.210.99.51,443,true,BE,N/A,-,Google LLC,-
35.241.172.224,443,true,BE,N/A,-,Google LLC,-
45.83.20.29,443,true,BE,N/A,-,WorkTitans BV,-
185.148.146.9,443,true,BG,N/A,-,Belcloud LTD,-
185.203.116.174,443,true,BG,N/A,-,Belcloud LTD,-
185.204.53.58,443,true,BG,N/A,-,Hosting Provider EuroHoster Ltd,-
185.205.210.83,443,true,BG,N/A,-,Belcloud LTD,-
185.232.170.111,443,true,BG,N/A,-,FIRST SERVER SOCIEDAD LIMITADA,-
185.232.170.158,443,true,BG,N/A,-,FIRST SERVER SOCIEDAD LIMITADA,-
185.232.170.226,443,true,BG,N/A,-,FIRST SERVER SOCIEDAD LIMITADA,-
185.82.218.224,443,true,BG,N/A,-,ITLDC EU2SOF Datacenter Network,-
193.239.160.134,443,true,BG,N/A,-,FIRST SERVER SOCIEDAD LIMITADA,-
78.128.127.93,443,true,BG,N/A,-,DA International Group Ltd,-
91.210.166.102,443,true,BG,N/A,-,Friendhosting LTD,-
91.210.166.145,443,true,BG,N/A,-,Friendhosting LTD,-
91.215.153.85,443,true,BG,N/A,-,Friendhosting LTD,-
91.215.154.48,443,true,BG,N/A,-,Friendhosting LTD,-
91.215.155.140,443,true,BG,N/A,-,Friendhosting LTD,-
201.16.130.6,443,true,BR,N/A,-,ALGAR TELECOM SA,-
38.180.78.255,443,true,BR,N/A,-,3NT SOLUTIONS LLP,-
38.180.79.9,443,true,BR,N/A,-,3NT SOLUTIONS LLP,-
45.129.186.233,443,true,BY,N/A,-,Yedinyye Resheniya LLC,-
149.56.14.62,443,true,CA,N/A,-,OVH Hosting Inc,-
155.138.128.135,443,true,CA,N/A,-,Vultr Holdings LLC,-
167.114.67.25,443,true,CA,N/A,-,OVH Hosting Inc,-
167.99.183.13,443,true,CA,N/A,-,DigitalOcean LLC,-
172.98.207.58,443,true,CA,N/A,-,CENTRILOGICCANADA,-
40.177.65.8,443,true,CA,N/A,-,Amazon Data Services Canada,-
40.233.116.225,443,true,CA,N/A,-,Oracle Corporation,-
45.133.18.31,443,true,CA,N/A,-,ITGLOBALCOM NL BV,-
69.28.83.244,443,true,CA,N/A,-,AtlanticNet  Toronto LLC,-
140.238.208.210,443,true,CH,N/A,-,Oracle Public Cloud,-
16.63.207.85,443,true,CH,N/A,-,Amazon Data Services Switzerland,-
171.22.16.231,443,true,CH,N/A,-,GLOBAL CONNECTIVITY SOLUTIONS LLP,-
176.10.125.114,443,true,CH,N/A,-,Datasource AG,-
185.195.69.19,443,true,CH,N/A,-,Datasource AG,-
194.156.102.142,443,true,CH,N/A,-,GLOBAL CONNECTIVITY SOLUTIONS LLP,-
195.141.59.27,443,true,CH,N/A,-,Trueb AG,-
38.180.84.86,443,true,CH,N/A,-,Cloudflare London LLC,-
38.180.85.203,443,true,CH,N/A,-,3NT SOLUTIONS LLP,-
45.143.200.104,443,true,CH,N/A,-,GLOBAL CONNECTIVITY SOLUTIONS LLP,-
45.143.200.141,443,true,CH,N/A,-,GLOBAL CONNECTIVITY SOLUTIONS LLP,-
45.143.200.180,443,true,CH,N/A,-,GLOBAL CONNECTIVITY SOLUTIONS LLP,-
45.143.200.245,443,true,CH,N/A,-,GLOBAL CONNECTIVITY SOLUTIONS LLP,-
45.143.200.82,443,true,CH,N/A,-,GLOBAL CONNECTIVITY SOLUTIONS LLP,-
45.85.93.49,443,true,CH,N/A,-,Internet Utilities Europe and Asia Limited,-
87.120.222.199,443,true,CH,N/A,-,GLOBAL CONNECTIVITY SOLUTIONS LLP,-
87.120.222.2,443,true,CH,N/A,-,GLOBAL CONNECTIVITY SOLUTIONS LLP,-
91.192.102.120,443,true,CH,N/A,-,Datasource AG,-
91.192.102.153,443,true,CH,N/A,-,Datasource AG,-
91.192.102.55,443,true,CH,N/A,-,Datasource AG,-
91.245.225.17,443,true,CH,N/A,-,GLB Bulut Teknolojisi Limited Sirketi,-
91.245.225.69,443,true,CH,N/A,-,GLB Bulut Teknolojisi Limited Sirketi,-
91.90.193.24,443,true,CH,N/A,-,Friendhosting LTD,-
186.67.70.55,443,true,CL,N/A,-,ENTEL CHILE SA,-
39.98.224.123,443,true,CN,N/A,-,Aliyun Computing Co LTD,-
47.92.161.8,443,true,CN,N/A,-,Aliyun Computing Co LTD,-
47.92.245.88,443,true,CN,N/A,-,Aliyun Computing Co LTD,-
58.247.200.18,443,true,CN,N/A,-,CHINA UNICOM Shanghai network,-
213.7.187.34,443,true,CY,N/A,-,Cyprus Telecommunications Authority,-
176.74.219.130,443,true,CZ,N/A,-,HOSTTELECOMCOM sro,-
5.43.224.162,443,true,CZ,N/A,-,HOSTTELECOMCOM sro,-
81.91.214.85,443,true,CZ,N/A,-,OvaNet as,-
87.236.146.76,443,true,CZ,N/A,-,SmartApe OU,-
91.184.248.36,443,true,CZ,N/A,-,SmartApe OU,-
91.199.147.23,443,true,CZ,N/A,-,SmartApe OU,-
104.248.17.101,443,true,DE,N/A,-,DigitalOcean LLC,-
109.122.197.5,443,true,DE,N/A,-,WAIcore Ltd,-
109.122.198.127,443,true,DE,N/A,-,WAIcore Ltd,-
109.122.198.64,443,true,DE,N/A,-,WAIcore Ltd,-
109.172.94.240,443,true,DE,N/A,-,AEZA GROUP LLC,-
116.202.132.205,443,true,DE,N/A,-,HOS524675,-
116.203.252.143,443,true,DE,N/A,-,Hetzner Online GmbH,-
116.203.58.165,443,true,DE,N/A,-,Hetzner Online GmbH,-
130.61.187.66,443,true,DE,N/A,-,Oracle Public Cloud,-
134.122.77.148,443,true,DE,N/A,-,DigitalOcean LLC,-
136.243.3.103,443,true,DE,N/A,-,Hetzner Online GmbH,-
138.197.183.219,443,true,DE,N/A,-,DigitalOcean LLC,-
138.201.170.108,443,true,DE,N/A,-,Hetzner Online GmbH,-
139.59.158.123,443,true,DE,N/A,-,DigitalOcean LLC,-
142.132.178.99,443,true,DE,N/A,-,Hetzner Online GmbH,-
145.223.100.111,443,true,DE,N/A,-,Hostinger International Limited,-
147.45.65.240,443,true,DE,N/A,-,Frankfurt Germany,-
148.253.208.57,443,true,DE,N/A,-,SEBEK sp z oo,-
150.241.114.207,443,true,DE,N/A,-,Cloud Hosting Solutions Limited,-
150.241.123.57,443,true,DE,N/A,-,Frankfurt Germany,-
152.42.178.179,443,true,DE,N/A,-,DigitalOcean LLC,-
152.53.84.52,443,true,DE,N/A,-,Anexia Holding GmbH,-
157.245.21.166,443,true,DE,N/A,-,DigitalOcean LLC,-
159.69.92.30,443,true,DE,N/A,-,Hetzner Online GmbH,-
162.19.247.245,443,true,DE,N/A,-,OVH GmbH,-
166.1.36.83,443,true,DE,N/A,-,Ace Data Centers Inc,-
167.172.163.198,443,true,DE,N/A,-,DigitalOcean LLC,-
167.235.69.166,443,true,DE,N/A,-,Hetzner Online GmbH,-
167.71.45.93,443,true,DE,N/A,-,DigitalOcean LLC,-
167.99.131.6,443,true,DE,N/A,-,DigitalOcean LLC,-
172.86.95.236,443,true,DE,N/A,-,RouterHosting LLC,-
178.236.254.249,443,true,DE,N/A,-,WAIcore Ltd,-
178.250.187.110,443,true,DE,N/A,-,nuxtcloud,-
18.156.209.101,443,true,DE,N/A,-,A100 ROW GmbH,-
18.159.105.97,443,true,DE,N/A,-,A100 ROW GmbH,-
18.184.27.249,443,true,DE,N/A,-,A100 ROW GmbH,-
18.184.55.249,443,true,DE,N/A,-,A100 ROW GmbH,-
18.185.254.189,443,true,DE,N/A,-,A100 ROW GmbH,-
18.192.93.64,443,true,DE,N/A,-,Amazon Data Services Ireland Ltd,-
18.193.131.26,443,true,DE,N/A,-,A100 ROW GmbH,-
18.196.70.197,443,true,DE,N/A,-,Amazon Data Services Ireland Ltd,-
18.197.218.69,443,true,DE,N/A,-,A100 ROW GmbH,-
18.198.227.161,443,true,DE,N/A,-,A100 ROW GmbH,-
185.100.159.170,443,true,DE,N/A,-,GLOBAL CONNECTIVITY SOLUTIONS LLP,-
185.184.123.140,443,true,DE,N/A,-,Amsterdam Netherlands,-
185.189.58.206,443,true,DE,N/A,-,MassiveGRID,-
185.189.58.222,443,true,DE,N/A,-,MassiveGRID,-
185.220.100.168,443,true,DE,N/A,-,F3 Netze eV,-
185.221.237.134,443,true,DE,N/A,-,Deployish Limited,-
185.233.80.187,443,true,DE,N/A,-,FIRST SERVER SOCIEDAD LIMITADA,-
185.233.81.207,443,true,DE,N/A,-,FIRST SERVER LIMITED,-
185.236.26.30,443,true,DE,N/A,-,Huize Holdings LLC,-
185.244.40.33,443,true,DE,N/A,-,Izitell Cloud  FZCO,-
185.250.180.145,443,true,DE,N/A,-,Huize Holdings LLC,-
185.58.159.206,443,true,DE,N/A,-,BAGE CLOUD LLC,-
185.59.251.86,443,true,DE,N/A,-,adesso as a service GmbH,-
185.66.165.51,443,true,DE,N/A,-,Perfecto Mobile UK Ltd 24 used in Germany,-
185.84.224.249,443,true,DE,N/A,-,HOSTKEY BV,-
188.245.161.141,443,true,DE,N/A,-,Hetzner Online GmbH,-
191.96.94.226,443,true,DE,N/A,-,freakhostingcom,-
193.124.92.170,443,true,DE,N/A,-,GLB Bulut Teknolojisi Limited Sirketi,-
193.124.92.58,443,true,DE,N/A,-,GLB Bulut Teknolojisi Limited Sirketi,-
193.23.197.40,443,true,DE,N/A,-,Senko Digital LLC,-
193.23.219.132,443,true,DE,N/A,-,Senko Digital LLC,-
193.23.219.31,443,true,DE,N/A,-,Senko Digital LLC  DE Network,-
193.37.70.63,443,true,DE,N/A,-,Cloud Hosting Solutions Limited,-
193.47.100.208,443,true,DE,N/A,-,Itsc GmbH,-
194.164.192.16,443,true,DE,N/A,-,IONOS SE,-
194.180.188.184,443,true,DE,N/A,-,HOSTKEY BV,-
194.180.188.241,443,true,DE,N/A,-,HOSTKEY BV,-
194.247.187.244,443,true,DE,N/A,-,HOSTKEY BV,-
194.28.225.2,443,true,DE,N/A,-,nuxtcloud,-
194.39.204.118,443,true,DE,N/A,-,Webhosting24 GmbH,-
194.48.250.224,443,true,DE,N/A,-,1Cent Host,-
194.58.33.218,443,true,DE,N/A,-,nuxtcloud,-
194.87.227.155,443,true,DE,N/A,-,Baxet Group Inc,-
194.87.71.141,443,true,DE,N/A,-,LLC Baxet,-
194.87.71.42,443,true,DE,N/A,-,LLC Baxet,-
194.99.20.245,443,true,DE,N/A,-,MVPS LTD,-
195.133.193.94,443,true,DE,N/A,-,Baxet Group Inc,-
195.133.44.21,443,true,DE,N/A,-,GLB Bulut Teknolojisi Limited Sirketi,-
195.201.152.120,443,true,DE,N/A,-,Hetzner Online GmbH,-
195.245.239.124,443,true,DE,N/A,-,Snowd Security OU,-
195.245.239.195,443,true,DE,N/A,-,Snowd Security OU,-
195.54.33.1,443,true,DE,N/A,-,TK Rustelekom LLC,-
195.54.33.164,443,true,DE,N/A,-,TK Rustelekom LLC,-
195.58.38.63,443,true,DE,N/A,-,nuxtcloud,-
195.58.38.9,443,true,DE,N/A,-,nuxtcloud hosting provider,-
195.58.38.95,443,true,DE,N/A,-,nuxtcloud,-
213.108.198.116,443,true,DE,N/A,-,NKtelecom INC,-
213.108.198.56,443,true,DE,N/A,-,NKtelecom INC,-
213.183.44.184,443,true,DE,N/A,-,Melbikomas UAB,-
217.110.20.141,443,true,DE,N/A,-,Colt DC,-
217.154.94.41,443,true,DE,N/A,-,IONOS SE,-
23.165.200.241,443,true,DE,N/A,-,Nebula Tech Limited,-
3.127.55.133,443,true,DE,N/A,-,A100 ROW GmbH,-
3.66.115.225,443,true,DE,N/A,-,A100 ROW GmbH,-
3.67.232.136,443,true,DE,N/A,-,Amazon Data Services Ireland Ltd,-
3.68.31.54,443,true,DE,N/A,-,A100 ROW GmbH,-
3.68.62.122,443,true,DE,N/A,-,Amazon Data Services Ireland Ltd,-
3.69.0.8,443,true,DE,N/A,-,Amazon Data Services Ireland Ltd,-
31.172.71.72,443,true,DE,N/A,-,wwwfornexcom Fornex Hosting SL,-
31.172.72.83,443,true,DE,N/A,-,Fornex Hosting SL,-
31.172.73.59,443,true,DE,N/A,-,wwwfornexcom Fornex Hosting SL,-
31.172.77.85,443,true,DE,N/A,-,Fornex Hosting SL,-
31.192.237.42,443,true,DE,N/A,-,PDK LLC,-
31.57.241.56,443,true,DE,N/A,-,DASABO OU,-
31.58.85.103,443,true,DE,N/A,-,SEBEK sp z oo,-
35.157.240.237,443,true,DE,N/A,-,Amazon Data Services Ireland Ltd,-
37.1.194.138,443,true,DE,N/A,-,IROKO Networks Corporation,-
37.1.195.124,443,true,DE,N/A,-,IROKO Networks Corporation,-
37.220.83.176,443,true,DE,N/A,-,Timeweb LLP,-
38.180.219.131,443,true,DE,N/A,-,3NT SOLUTIONS LLP,-
43.240.149.208,443,true,DE,N/A,-,DASABO OU,-
45.129.242.128,443,true,DE,N/A,-,SERVA ONE LTD,-
45.135.165.245,443,true,DE,N/A,-,GLB Bulut Teknolojisi Limited Sirketi,-
45.138.72.141,443,true,DE,N/A,-,GTELCOM LLC,-
45.147.228.249,443,true,DE,N/A,-,aurologic GmbH,-
45.147.248.115,443,true,DE,N/A,-,Kamatera Inc,-
45.149.235.29,443,true,DE,N/A,-,SERVHOST GROUP LTD,-
45.155.102.207,443,true,DE,N/A,-,XL,-
45.43.88.219,443,true,DE,N/A,-,FIRST SERVER LIMITED,-
45.43.89.236,443,true,DE,N/A,-,FIRST SERVER LIMITED,-
45.9.116.160,443,true,DE,N/A,-,Individual Entrepreneur Anton Levin,-
45.95.235.210,443,true,DE,N/A,-,Timeweb LLP,-
46.101.148.54,443,true,DE,N/A,-,DigitalOcean LLC,-
46.101.185.122,443,true,DE,N/A,-,DigitalOcean LLC,-
49.12.237.71,443,true,DE,N/A,-,Hetzner Online GmbH,-
49.13.220.86,443,true,DE,N/A,-,Hetzner Online GmbH,-
49.13.64.206,443,true,DE,N/A,-,Hetzner Online GmbH,-
5.187.3.105,443,true,DE,N/A,-,Fornex Hosting SL,-
5.187.4.45,443,true,DE,N/A,-,wwwfornexcom Fornex Hosting SL,-
5.187.5.27,443,true,DE,N/A,-,Fornex Hosting SL,-
5.187.7.220,443,true,DE,N/A,-,wwwfornexcom Fornex Hosting SL,-
5.252.226.232,443,true,DE,N/A,-,netcup GmbH,-
5.44.46.142,443,true,DE,N/A,-,Timeweb LLP,-
5.61.32.186,443,true,DE,N/A,-,IROKO Networks Corporation,-
5.61.39.183,443,true,DE,N/A,-,IROKO Networks Corporation,-
5.61.41.30,443,true,DE,N/A,-,IROKO Networks Corporation,-
5.61.45.128,443,true,DE,N/A,-,IROKO Networks Corporation,-
5.61.46.9,443,true,DE,N/A,-,IROKO Networks Corporation,-
51.38.98.202,443,true,DE,N/A,-,OVH GmbH,-
57.129.47.52,443,true,DE,N/A,-,OVH GmbH,-
62.133.60.155,443,true,DE,N/A,-,GLOBAL CONNECTIVITY SOLUTIONS LLP,-
62.60.216.169,443,true,DE,N/A,-,NetCrafters OU,-
62.60.216.204,443,true,DE,N/A,-,Aeza International LTD,-
64.188.68.11,443,true,DE,N/A,-,Senko Digital LLC,-
64.188.75.45,443,true,DE,N/A,-,Amsterdam Netherlands,-
64.188.79.4,443,true,DE,N/A,-,1Cent Host,-
64.226.111.107,443,true,DE,N/A,-,DigitalOcean LLC,-
67.207.74.21,443,true,DE,N/A,-,DigitalOcean LLC,-
77.110.99.61,443,true,DE,N/A,-,Aeza International LTD,-
77.239.104.82,443,true,DE,N/A,-,u1host ltd,-
77.91.77.91,443,true,DE,N/A,-,CHSL ONE LTD,-
78.47.146.151,443,true,DE,N/A,-,Hetzner Online GmbH,-
79.132.138.87,443,true,DE,N/A,-,Fornex Hosting SL,-
79.133.51.180,443,true,DE,N/A,-,UltaHost Inc,-
80.253.251.30,443,true,DE,N/A,-,GLOBAL CONNECTIVITY SOLUTIONS LLP,-
80.76.32.165,443,true,DE,N/A,-,FIRST SERVER SOCIEDAD LIMITADA,-
81.95.4.189,443,true,DE,N/A,-,F3 Netze eV,-
82.115.19.143,443,true,DE,N/A,-,BitCommand LLC,-
84.252.121.20,443,true,DE,N/A,-,NUXOA GmbH,-
85.10.253.205,443,true,DE,N/A,-,HOS573331,-
85.208.139.92,443,true,DE,N/A,-,HOST TELECOM LTD,-
85.234.100.221,443,true,DE,N/A,-,GLOBAL CONNECTIVITY SOLUTIONS LLP,-
87.120.166.14,443,true,DE,N/A,-,play2gocloud  Cheap and reliable hosting,-
87.120.205.93,443,true,DE,N/A,-,WAIcore Ltd,-
87.128.18.23,443,true,DE,N/A,-,Deutsche Telekom AG,-
87.251.87.36,443,true,DE,N/A,-,nuxtcloud,-
87.251.88.57,443,true,DE,N/A,-,Cloud Hosting Solutions Limited,-
88.198.82.146,443,true,DE,N/A,-,Hetzner Online GmbH,-
88.198.82.147,443,true,DE,N/A,-,Hetzner Online GmbH,-
88.198.82.148,443,true,DE,N/A,-,Hetzner Online GmbH,-
88.198.82.149,443,true,DE,N/A,-,Hetzner Online GmbH,-
88.198.82.150,443,true,DE,N/A,-,Hetzner Online GmbH,-
88.198.82.151,443,true,DE,N/A,-,Hetzner Online GmbH,-
88.198.82.152,443,true,DE,N/A,-,Hetzner Online GmbH,-
88.198.82.153,443,true,DE,N/A,-,Hetzner Online GmbH,-
88.198.82.154,443,true,DE,N/A,-,Hetzner Online GmbH,-
88.198.82.155,443,true,DE,N/A,-,Hetzner Online GmbH,-
88.198.82.156,443,true,DE,N/A,-,Hetzner Online GmbH,-
88.198.82.157,443,true,DE,N/A,-,Hetzner Online GmbH,-
88.198.82.158,443,true,DE,N/A,-,Hetzner Online GmbH,-
88.99.189.60,443,true,DE,N/A,-,Hetzner Online GmbH,-
88.99.92.84,443,true,DE,N/A,-,Hetzner Online GmbH,-
89.168.110.240,443,true,DE,N/A,-,Oracle Svenska AB,-
89.19.209.6,443,true,DE,N/A,-,Timeweb LLP,-
89.39.121.142,443,true,DE,N/A,-,play2gocloud  Cheap and reliable hosting,-
89.40.117.130,443,true,DE,N/A,-,Cloud Services DC05,-
89.58.55.33,443,true,DE,N/A,-,netcup GmbH,-
91.107.148.154,443,true,DE,N/A,-,Hetzner Online GmbH,-
91.107.155.13,443,true,DE,N/A,-,Hetzner Online GmbH,-
91.107.158.77,443,true,DE,N/A,-,Hetzner Online GmbH,-
91.107.171.251,443,true,DE,N/A,-,Hetzner Online GmbH,-
91.107.250.153,443,true,DE,N/A,-,Hetzner Online GmbH,-
91.107.251.113,443,true,DE,N/A,-,Hetzner Online GmbH,-
91.107.255.196,443,true,DE,N/A,-,Hetzner Online GmbH,-
91.108.243.39,443,true,DE,N/A,-,DePowered,-
91.132.160.141,443,true,DE,N/A,-,Senko Digital LLC,-
91.132.160.151,443,true,DE,N/A,-,Senko Digital LLC,-
91.149.222.113,443,true,DE,N/A,-,BGNETWORK,-
91.149.223.242,443,true,DE,N/A,-,Baxet Group Inc,-
91.149.233.78,443,true,DE,N/A,-,Baxet Group Inc,-
91.196.34.122,443,true,DE,N/A,-,Germany Frankfurt,-
91.99.227.218,443,true,DE,N/A,-,Hetzner Online GmbH,-
92.118.8.206,443,true,DE,N/A,-,FIRST SERVER SOCIEDAD LIMITADA,-
92.42.96.183,443,true,DE,N/A,-,Ystel DOO Tivat,-
92.42.96.240,443,true,DE,N/A,-,Ystel DOO Tivat,-
92.42.99.21,443,true,DE,N/A,-,Friendhosting LTD,-
93.123.84.194,443,true,DE,N/A,-,play2gocloud  Cheap and reliable hosting,-
94.130.72.184,443,true,DE,N/A,-,Hetzner Online GmbH,-
94.141.123.231,443,true,DE,N/A,-,WAIcore Ltd,-
94.159.100.136,443,true,DE,N/A,-,H2NEXUS LTD,-
94.159.101.193,443,true,DE,N/A,-,H2NEXUS LTD,-
94.159.101.254,443,true,DE,N/A,-,H2NEXUS LTD,-
94.159.101.36,443,true,DE,N/A,-,H2NEXUS LTD,-
94.159.101.93,443,true,DE,N/A,-,H2NEXUS LTD,-
94.159.103.41,443,true,DE,N/A,-,H2NEXUS LTD,-
94.159.103.71,443,true,DE,N/A,-,H2NEXUS LTD,-
94.159.104.1,443,true,DE,N/A,-,H2NEXUS Frankfurt Network,-
94.159.104.237,443,true,DE,N/A,-,H2NEXUS LTD,-
94.159.105.148,443,true,DE,N/A,-,H2NEXUS LTD,-
94.159.106.205,443,true,DE,N/A,-,H2NEXUS LTD,-
94.159.108.42,443,true,DE,N/A,-,H2NEXUS LTD,-
94.159.109.104,443,true,DE,N/A,-,H2NEXUS LTD,-
94.159.109.242,443,true,DE,N/A,-,H2NEXUS LTD,-
94.159.110.149,443,true,DE,N/A,-,H2NEXUS Frankfurt Network,-
94.159.110.41,443,true,DE,N/A,-,H2NEXUS LTD,-
94.159.111.170,443,true,DE,N/A,-,H2NEXUS LTD,-
94.159.97.247,443,true,DE,N/A,-,H2NEXUS LTD,-
94.159.98.113,443,true,DE,N/A,-,H2NEXUS Frankfurt Network,-
94.159.98.123,443,true,DE,N/A,-,H2NEXUS LTD,-
94.159.99.172,443,true,DE,N/A,-,H2NEXUS Frankfurt Network,-
94.228.161.238,443,true,DE,N/A,-,nuxtcloud,-
95.179.250.68,443,true,DE,N/A,-,Vultr Holdings LLC,-
193.180.208.234,443,true,DK,N/A,-,Webdock AS44803,-
193.181.210.149,443,true,DK,N/A,-,Webdockio ApS,-
38.180.214.162,443,true,DK,N/A,-,3NT SOLUTIONS LLP,-
181.36.229.212,443,true,DO,N/A,-,ALTICE DOMINICANA SA,-
138.124.4.38,443,true,EE,N/A,-,Baykov Ilya Sergeevich,-
185.123.53.53,443,true,EE,N/A,-,BlueVPS OU,-
185.23.236.111,443,true,EE,N/A,-,ITDevelop DOO,-
185.255.178.131,443,true,EE,N/A,-,Baykov Ilya Sergeevich,-
185.36.140.151,443,true,EE,N/A,-,Brainoza OU,-
185.36.141.193,443,true,EE,N/A,-,Brainoza OU,-
185.36.141.81,443,true,EE,N/A,-,Brainoza OU,-
185.4.73.45,443,true,EE,N/A,-,IPv6 network for hosting services,-
38.180.216.120,443,true,EE,N/A,-,3NT SOLUTIONS LLP,-
38.244.154.149,443,true,EE,N/A,-,3NT SOLUTIONS LLP,-
45.12.28.95,443,true,EE,N/A,-,Brainoza OU,-
45.129.199.117,443,true,EE,N/A,-,BlueVPS OU,-
46.22.211.46,443,true,EE,N/A,-,Aktsiaselts WaveCom,-
46.36.218.151,443,true,EE,N/A,-,Network for hosting services,-
5.101.180.145,443,true,EE,N/A,-,Network for hosting services,-
5.189.254.114,443,true,EE,N/A,-,Brainoza OU,-
69.12.83.134,443,true,EE,N/A,-,HostPapa,-
80.77.25.142,443,true,EE,N/A,-,servingacom  Estonia,-
80.79.121.46,443,true,EE,N/A,-,Aktsiaselts WaveCom,-
80.79.123.100,443,true,EE,N/A,-,Aktsiaselts WaveCom,-
83.217.210.42,443,true,EE,N/A,-,Baykov Ilya Sergeevich,-
93.123.39.55,443,true,EE,N/A,-,QWINS Hosting,-
38.54.59.70,443,true,EG,N/A,-,Kaopu Cloud HK Limited,-
185.232.205.9,443,true,ES,N/A,-,JaJoJoo LLC,-
193.17.183.80,443,true,ES,N/A,-,JaJoJoo Madrid Region,-
212.227.90.142,443,true,ES,N/A,-,IONOS SE,-
34.175.202.195,443,true,ES,N/A,-,Google LLC,-
45.86.229.28,443,true,ES,N/A,-,BlueVPS OU,-
91.149.243.34,443,true,ES,N/A,-,Baxet Group Inc,-
92.178.109.187,443,true,ES,N/A,-,Orange Spain Network,-
93.93.119.91,443,true,ES,N/A,-,ARSYS INTERNET SLU,-
109.107.171.147,443,true,FI,N/A,-,ALEKSEI FEDOROV PR KRUSEVAC,-
109.107.190.58,443,true,FI,N/A,-,Aeza International LTD,-
109.120.132.6,443,true,FI,N/A,-,AEZA GROUP LLC,-
109.120.151.154,443,true,FI,N/A,-,Aeza International LTD,-
109.120.157.29,443,true,FI,N/A,-,AEZA GROUP LLC,-
109.206.236.216,443,true,FI,N/A,-,as56971 network,-
109.248.163.151,443,true,FI,N/A,-,as56971 network,-
109.248.163.191,443,true,FI,N/A,-,CGI GLOBAL LIMITED,-
138.124.15.102,443,true,FI,N/A,-,Baykov Ilya Sergeevich,-
139.28.221.179,443,true,FI,N/A,-,PSERVERS Enterprise Network,-
151.242.43.135,443,true,FI,N/A,-,CGI GLOBAL LIMITED,-
151.242.43.187,443,true,FI,N/A,-,CGI GLOBAL LIMITED,-
164.215.97.18,443,true,FI,N/A,-,Individual Entrepreneur Anton Levin,-
185.104.250.62,443,true,FI,N/A,-,ISERVERS LTD,-
185.112.82.28,443,true,FI,N/A,-,Creanova,-
185.17.2.109,443,true,FI,N/A,-,ISERVERS LTD,-
185.188.181.14,443,true,FI,N/A,-,PSERVERS Enterprise Network,-
185.188.181.214,443,true,FI,N/A,-,ISERVERS LTD,-
185.193.102.119,443,true,FI,N/A,-,Baxet Group Inc,-
185.230.190.29,443,true,FI,N/A,-,LIVI HOSTING LTD,-
185.232.204.189,443,true,FI,N/A,-,Individual Entrepreneur Anton Levin,-
185.232.204.222,443,true,FI,N/A,-,Individual Entrepreneur Anton Levin,-
185.233.82.159,443,true,FI,N/A,-,FIRST SERVER SOCIEDAD LIMITADA,-
185.254.158.117,443,true,FI,N/A,-,Individual Entrepreneur Anton Levin,-
185.254.158.87,443,true,FI,N/A,-,Individual Entrepreneur Anton Levin,-
185.58.207.112,443,true,FI,N/A,-,ISERVERS LTD,-
185.58.207.250,443,true,FI,N/A,-,ISERVERS LTD,-
185.92.183.217,443,true,FI,N/A,-,as56971 network,-
188.130.154.155,443,true,FI,N/A,-,CGI GLOBAL LIMITED,-
188.130.206.93,443,true,FI,N/A,-,CGI GLOBAL LIMITED,-
192.145.29.52,443,true,FI,N/A,-,Baykov Ilya Sergeevich,-
193.109.84.39,443,true,FI,N/A,-,PSERVERS Enterprise Network,-
193.124.183.175,443,true,FI,N/A,-,FIRST SERVER SOCIEDAD LIMITADA,-
193.164.128.133,443,true,FI,N/A,-,Snowd Security OU,-
193.164.128.166,443,true,FI,N/A,-,Snowd Security OU,-
193.164.128.248,443,true,FI,N/A,-,Snowd Security OU,-
193.164.128.87,443,true,FI,N/A,-,Snowd Security OU,-
193.164.155.38,443,true,FI,N/A,-,as56971 network,-
194.164.235.67,443,true,FI,N/A,-,XL,-
194.180.189.194,443,true,FI,N/A,-,HOSTKEY BV,-
194.48.140.109,443,true,FI,N/A,-,Individual Entrepreneur Anton Levin,-
194.67.200.169,443,true,FI,N/A,-,PSERVERS Enterprise Network,-
195.26.230.188,443,true,FI,N/A,-,XL,-
198.105.124.163,443,true,FI,N/A,-,ISERVERS LTD,-
198.105.124.180,443,true,FI,N/A,-,POWERSERVERSROLEORG,-
198.105.124.249,443,true,FI,N/A,-,ISERVERS LTD,-
212.237.219.183,443,true,FI,N/A,-,HOSTKEY BV,-
212.237.219.24,443,true,FI,N/A,-,HOSTKEY BV,-
212.237.219.37,443,true,FI,N/A,-,HOSTKEY BV,-
212.237.219.99,443,true,FI,N/A,-,HOSTKEY BV,-
212.87.222.32,443,true,FI,N/A,-,GLOBAL CONNECTIVITY SOLUTIONS LLP,-
217.145.79.186,443,true,FI,N/A,-,as56971 network,-
31.56.113.117,443,true,FI,N/A,-,as56971 network,-
31.56.197.86,443,true,FI,N/A,-,CGI GLOBAL LIMITED,-
31.56.204.194,443,true,FI,N/A,-,CGI GLOBAL LIMITED,-
31.56.204.53,443,true,FI,N/A,-,CGI GLOBAL LIMITED,-
31.57.105.164,443,true,FI,N/A,-,CGI GLOBAL LIMITED,-
31.57.106.126,443,true,FI,N/A,-,CGI GLOBAL LIMITED,-
31.58.137.196,443,true,FI,N/A,-,CGI GLOBAL LIMITED,-
35.228.168.221,443,true,FI,N/A,-,Google LLC,-
37.27.11.192,443,true,FI,N/A,-,Hetzner Online GmbH,-
37.27.24.143,443,true,FI,N/A,-,Hetzner Online GmbH,-
37.27.92.255,443,true,FI,N/A,-,Hetzner Online GmbH,-
38.244.137.183,443,true,FI,N/A,-,3NT SOLUTIONS LLP,-
43.245.225.176,443,true,FI,N/A,-,XL,-
45.12.146.12,443,true,FI,N/A,-,WorkTitans BV,-
45.12.146.156,443,true,FI,N/A,-,WorkTitans BV,-
45.12.151.185,443,true,FI,N/A,-,WorkTitans BV,-
45.12.151.34,443,true,FI,N/A,-,WorkTitans BV,-
45.131.185.234,443,true,FI,N/A,-,Baxet Group Inc,-
45.133.245.28,443,true,FI,N/A,-,ISERVERS LTD,-
45.14.165.234,443,true,FI,N/A,-,Baykov Ilya Sergeevich,-
45.144.52.173,443,true,FI,N/A,-,H2NEXUS LTD,-
45.144.53.200,443,true,FI,N/A,-,H2NEXUS LTD,-
45.144.53.206,443,true,FI,N/A,-,H2NEXUS LTD,-
45.158.169.78,443,true,FI,N/A,-,as56971 network,-
45.38.139.79,443,true,FI,N/A,-,Subnet Digital LLC,-
45.9.74.238,443,true,FI,N/A,-,PSERVERS Enterprise Network,-
46.17.106.121,443,true,FI,N/A,-,ISERVERS LTD,-
46.243.1.237,443,true,FI,N/A,-,ISERVERS LTD,-
46.243.1.9,443,true,FI,N/A,-,ISERVERS LTD,-
46.243.6.218,443,true,FI,N/A,-,PSERVERS Enterprise Network,-
46.243.6.25,443,true,FI,N/A,-,ISERVERS LTD,-
46.8.237.189,443,true,FI,N/A,-,as56971 network,-
46.8.237.3,443,true,FI,N/A,-,CGI GLOBAL LIMITED,-
46.8.64.53,443,true,FI,N/A,-,CGI GLOBAL LIMITED,-
46.8.71.249,443,true,FI,N/A,-,as56971 network,-
5.181.20.175,443,true,FI,N/A,-,WorkTitans BV,-
62.60.229.255,443,true,FI,N/A,-,NetCrafters OU,-
64.188.76.196,443,true,FI,N/A,-,1Cent Host,-
65.108.245.196,443,true,FI,N/A,-,Hetzner Online GmbH,-
65.109.141.230,443,true,FI,N/A,-,Hetzner Online GmbH,-
65.109.182.62,443,true,FI,N/A,-,Hetzner Online GmbH,-
65.109.188.1,443,true,FI,N/A,-,Hetzner Online GmbH,-
65.109.196.96,443,true,FI,N/A,-,Hetzner Online GmbH,-
65.109.200.234,443,true,FI,N/A,-,Hetzner Online GmbH,-
65.109.205.229,443,true,FI,N/A,-,Hetzner Online GmbH,-
65.109.213.219,443,true,FI,N/A,-,Hetzner Online GmbH,-
65.109.214.233,443,true,FI,N/A,-,Hetzner Online GmbH,-
65.21.109.73,443,true,FI,N/A,-,Hetzner Online GmbH,-
65.21.122.159,443,true,FI,N/A,-,HOS799619,-
65.21.158.73,443,true,FI,N/A,-,Hetzner Online GmbH,-
65.21.16.186,443,true,FI,N/A,-,Hetzner Online GmbH,-
65.21.16.187,443,true,FI,N/A,-,Hetzner Online GmbH,-
65.21.224.102,443,true,FI,N/A,-,Hetzner Online GmbH,-
65.21.62.180,443,true,FI,N/A,-,Hetzner Online GmbH,-
66.151.34.156,443,true,FI,N/A,-,HOSTKEY BV,-
66.151.34.203,443,true,FI,N/A,-,HOSTKEY BV,-
66.151.35.226,443,true,FI,N/A,-,HOSTKEY BV,-
66.151.35.81,443,true,FI,N/A,-,HOSTKEY BV,-
77.221.143.166,443,true,FI,N/A,-,AEZA GROUP LLC,-
77.221.144.210,443,true,FI,N/A,-,New Hosting Technologies LLC,-
78.153.139.145,443,true,FI,N/A,-,GLOBAL CONNECTIVITY SOLUTIONS LLP,-
79.175.136.71,443,true,FI,N/A,-,Hetzner Online GmbH,-
81.177.214.250,443,true,FI,N/A,-,GLOBAL CONNECTIVITY SOLUTIONS LLP,-
81.19.139.230,443,true,FI,N/A,-,GLOBAL CONNECTIVITY SOLUTIONS LLP,-
83.147.192.158,443,true,FI,N/A,-,Aeza International LTD,-
83.147.216.31,443,true,FI,N/A,-,Aeza International LTD,-
83.147.252.215,443,true,FI,N/A,-,Aeza International LTD,-
83.219.97.75,443,true,FI,N/A,-,1Cent Host,-
84.19.3.83,443,true,FI,N/A,-,Individual Entrepreneur Anton Levin,-
85.192.31.30,443,true,FI,N/A,-,Aeza International LTD,-
85.192.48.206,443,true,FI,N/A,-,H2NEXUS Helsinki Network,-
85.192.48.34,443,true,FI,N/A,-,H2NEXUS LTD,-
85.192.61.175,443,true,FI,N/A,-,AEZA GROUP LLC,-
85.90.208.87,443,true,FI,N/A,-,IROKO Networks Corporation,-
87.239.250.142,443,true,FI,N/A,-,FIRST SERVER LIMITED,-
87.239.251.254,443,true,FI,N/A,-,FIRST SERVER LIMITED,-
87.239.251.89,443,true,FI,N/A,-,FIRST SERVER LIMITED,-
91.149.219.49,443,true,FI,N/A,-,BGNETWORK,-
91.149.254.40,443,true,FI,N/A,-,BGNETWORK,-
91.217.76.237,443,true,FI,N/A,-,FIRST SERVER SOCIEDAD LIMITADA,-
92.118.233.25,443,true,FI,N/A,-,WorkTitans BV,-
92.242.164.10,443,true,FI,N/A,-,Snowd Security OU,-
93.152.207.163,443,true,FI,N/A,-,GLOBAL CONNECTIVITY SOLUTIONS LLP,-
93.152.207.174,443,true,FI,N/A,-,GLOBAL CONNECTIVITY SOLUTIONS LLP,-
93.152.207.4,443,true,FI,N/A,-,GLOBAL CONNECTIVITY SOLUTIONS LLP,-
94.156.180.27,443,true,FI,N/A,-,SERVHOST GROUP LTD,-
94.237.33.207,443,true,FI,N/A,-,UpCloud Cloud Servers,-
95.164.55.206,443,true,FI,N/A,-,QWINS Hosting,-
95.182.115.72,443,true,FI,N/A,-,CGI GLOBAL LIMITED,-
95.182.99.65,443,true,FI,N/A,-,CGI GLOBAL LIMITED,-
95.214.9.167,443,true,FI,N/A,-,FIRST SERVER SOCIEDAD LIMITADA,-
95.216.140.177,443,true,FI,N/A,-,Hetzner Online GmbH,-
95.217.13.36,443,true,FI,N/A,-,Hetzner Online GmbH,-
95.217.134.104,443,true,FI,N/A,-,Hetzner Online GmbH,-
95.217.177.97,443,true,FI,N/A,-,Hetzner Online GmbH,-
95.81.113.186,443,true,FI,N/A,-,PSERVERS Enterprise Network,-
109.120.179.99,443,true,FR,N/A,-,AEZA GROUP LLC,-
109.199.122.5,443,true,FR,N/A,-,Contabo GmbH,-
109.199.126.6,443,true,FR,N/A,-,Contabo GmbH,-
144.91.77.167,443,true,FR,N/A,-,Contabo GmbH,-
146.70.32.13,443,true,FR,N/A,-,VIRTUASYS PARIS PAR01FR,-
146.70.32.24,443,true,FR,N/A,-,VIRTUASYS PARIS PAR01FR,-
146.70.32.34,443,true,FR,N/A,-,VIRTUASYS PARIS PAR01FR,-
146.70.32.50,443,true,FR,N/A,-,VIRTUASYS PARIS PAR01FR,-
146.70.32.51,443,true,FR,N/A,-,VIRTUASYS PARIS PAR01FR,-
146.70.32.52,443,true,FR,N/A,-,VIRTUASYS PARIS PAR01FR,-
152.228.134.239,443,true,FR,N/A,-,OVH SAS,-
152.228.134.60,443,true,FR,N/A,-,OVH SAS,-
152.228.191.232,443,true,FR,N/A,-,SEVIN Jacques,-
152.228.216.146,443,true,FR,N/A,-,OVH SAS,-
152.228.216.172,443,true,FR,N/A,-,OVH SAS,-
152.228.217.69,443,true,FR,N/A,-,OVH SAS,-
162.19.27.52,443,true,FR,N/A,-,OVH SAS,-
172.233.249.145,443,true,FR,N/A,-,Linode,-
185.193.89.62,443,true,FR,N/A,-,GLOBAL CONNECTIVITY SOLUTIONS LLP,-
193.42.60.235,443,true,FR,N/A,-,Mos Operations GmbH,-
193.42.62.63,443,true,FR,N/A,-,Mos Operations GmbH,-
195.154.184.21,443,true,FR,N/A,-,Scaleway,-
37.59.125.113,443,true,FR,N/A,-,VPS static ips,-
37.59.96.21,443,true,FR,N/A,-,VPS static ips,-
37.59.96.25,443,true,FR,N/A,-,VPS static ips,-
37.59.96.47,443,true,FR,N/A,-,VPS static ips,-
37.59.96.48,443,true,FR,N/A,-,VPS static ips,-
37.59.96.50,443,true,FR,N/A,-,VPS static ips,-
37.59.97.133,443,true,FR,N/A,-,VPS static ips,-
37.59.97.139,443,true,FR,N/A,-,VPS static ips,-
37.59.97.140,443,true,FR,N/A,-,VPS static ips,-
45.152.162.172,443,true,FR,N/A,-,FBW NETWORKS SAS,-
45.95.174.14,443,true,FR,N/A,-,RackNerd LLC,-
51.178.141.36,443,true,FR,N/A,-,OVH SAS,-
51.178.29.175,443,true,FR,N/A,-,OVH SAS,-
51.210.148.173,443,true,FR,N/A,-,OVH SAS,-
51.38.44.17,443,true,FR,N/A,-,OVH SAS,-
51.77.140.254,443,true,FR,N/A,-,OVH SAS,-
51.77.141.117,443,true,FR,N/A,-,OVH SAS,-
51.77.141.212,443,true,FR,N/A,-,OVH SAS,-
51.91.248.157,443,true,FR,N/A,-,OVH SAS,-
51.91.248.215,443,true,FR,N/A,-,OVH SAS,-
51.91.248.218,443,true,FR,N/A,-,OVH SAS,-
51.91.248.251,443,true,FR,N/A,-,OVH SAS,-
51.91.248.61,443,true,FR,N/A,-,OVH SAS,-
51.91.248.99,443,true,FR,N/A,-,OVH SAS,-
51.91.249.115,443,true,FR,N/A,-,OVH SAS,-
51.91.249.22,443,true,FR,N/A,-,OVH SAS,-
51.91.249.223,443,true,FR,N/A,-,OVH SAS,-
51.91.249.37,443,true,FR,N/A,-,OVH SAS,-
51.91.249.45,443,true,FR,N/A,-,OVH SAS,-
51.91.249.9,443,true,FR,N/A,-,OVH SAS,-
51.91.250.152,443,true,FR,N/A,-,OVH SAS,-
51.91.250.183,443,true,FR,N/A,-,OVH SAS,-
51.91.250.218,443,true,FR,N/A,-,OVH SAS,-
51.91.250.33,443,true,FR,N/A,-,OVH SAS,-
51.91.250.92,443,true,FR,N/A,-,OVH SAS,-
51.91.251.144,443,true,FR,N/A,-,OVH SAS,-
51.91.251.149,443,true,FR,N/A,-,OVH SAS,-
51.91.251.153,443,true,FR,N/A,-,OVH SAS,-
51.91.251.16,443,true,FR,N/A,-,OVH SAS,-
51.91.251.160,443,true,FR,N/A,-,OVH SAS,-
51.91.251.189,443,true,FR,N/A,-,OVH SAS,-
51.91.251.198,443,true,FR,N/A,-,OVH SAS,-
51.91.251.31,443,true,FR,N/A,-,OVH SAS,-
51.91.251.37,443,true,FR,N/A,-,OVH SAS,-
51.91.252.200,443,true,FR,N/A,-,OVH SAS,-
51.91.252.44,443,true,FR,N/A,-,OVH SAS,-
51.91.252.61,443,true,FR,N/A,-,OVH SAS,-
51.91.253.112,443,true,FR,N/A,-,OVH SAS,-
51.91.253.174,443,true,FR,N/A,-,OVH SAS,-
51.91.253.211,443,true,FR,N/A,-,OVH SAS,-
51.91.253.218,443,true,FR,N/A,-,OVH SAS,-
51.91.253.83,443,true,FR,N/A,-,OVH SAS,-
51.91.254.100,443,true,FR,N/A,-,OVH SAS,-
51.91.254.153,443,true,FR,N/A,-,OVH SAS,-
51.91.254.173,443,true,FR,N/A,-,OVH SAS,-
51.91.254.177,443,true,FR,N/A,-,OVH SAS,-
51.91.254.189,443,true,FR,N/A,-,OVH SAS,-
51.91.254.22,443,true,FR,N/A,-,OVH SAS,-
51.91.254.78,443,true,FR,N/A,-,OVH SAS,-
51.91.254.97,443,true,FR,N/A,-,OVH SAS,-
51.91.255.121,443,true,FR,N/A,-,OVH SAS,-
51.91.255.152,443,true,FR,N/A,-,OVH SAS,-
51.91.255.163,443,true,FR,N/A,-,OVH SAS,-
51.91.255.197,443,true,FR,N/A,-,OVH SAS,-
51.91.255.23,443,true,FR,N/A,-,OVH SAS,-
51.91.255.5,443,true,FR,N/A,-,OVH SAS,-
51.91.255.97,443,true,FR,N/A,-,OVH SAS,-
51.91.40.26,443,true,FR,N/A,-,OVH Hispano,-
62.84.183.222,443,true,FR,N/A,-,Contabo GmbH,-
84.247.166.22,443,true,FR,N/A,-,Contabo GmbH,-
85.208.70.235,443,true,FR,N/A,-,Three Fourteen SASU,-
88.218.76.170,443,true,FR,N/A,-,RACKNERDFR,-
88.218.78.48,443,true,FR,N/A,-,RACKNERDFR,-
89.208.113.247,443,true,FR,N/A,-,Aeza International LTD,-
103.13.208.242,443,true,GB,N/A,-,OMC COMPUTERS  COMMUNICATIONS LTD,-
109.120.132.115,443,true,GB,N/A,-,Aeza International LTD,-
109.120.134.11,443,true,GB,N/A,-,Aeza International LTD,-
109.120.140.19,443,true,GB,N/A,-,Aeza International LTD,-
109.120.185.29,443,true,GB,N/A,-,Aeza International LTD,-
109.169.76.23,443,true,GB,N/A,-,Iomart Managed Services Limited,-
130.185.144.78,443,true,GB,N/A,-,Fabriczone,-
134.122.99.51,443,true,GB,N/A,-,DigitalOcean LLC,-
141.147.114.60,443,true,GB,N/A,-,Oracle Corporation,-
147.45.179.237,443,true,GB,N/A,-,GLOBAL CONNECTIVITY SOLUTIONS LLP,-
147.45.72.251,443,true,GB,N/A,-,Aeza International LTD,-
147.45.76.230,443,true,GB,N/A,-,Aeza International LTD,-
147.45.76.29,443,true,GB,N/A,-,Aeza International LTD,-
159.65.19.63,443,true,GB,N/A,-,DigitalOcean LLC,-
172.187.200.28,443,true,GB,N/A,-,Microsoft Limited,-
176.124.199.233,443,true,GB,N/A,-,Aeza International LTD,-
178.20.209.70,443,true,GB,N/A,-,Aeza International LTD,-
178.62.81.173,443,true,GB,N/A,-,DigitalOcean London,-
18.170.77.148,443,true,GB,N/A,-,Amazon Data Services UK,-
185.125.101.29,443,true,GB,N/A,-,Aeza International LTD,-
185.170.215.228,443,true,GB,N/A,-,MVPS LTD,-
185.230.143.210,443,true,GB,N/A,-,Aeza International LTD,-
185.230.143.55,443,true,GB,N/A,-,Aeza International LTD,-
185.66.164.51,443,true,GB,N/A,-,Perfecto Mobile UK LTD,-
193.188.20.191,443,true,GB,N/A,-,Aeza International LTD,-
194.146.24.240,443,true,GB,N/A,-,OMC COMPUTERS  COMMUNICATIONS LTD,-
194.33.35.241,443,true,GB,N/A,-,Aeza International LTD,-
212.113.103.4,443,true,GB,N/A,-,Aeza International LTD,-
212.113.116.93,443,true,GB,N/A,-,Aeza International LTD,-
213.1.145.50,443,true,GB,N/A,-,BTR101TEST,-
213.108.20.161,443,true,GB,N/A,-,Aeza International LTD,-
213.165.37.101,443,true,GB,N/A,-,Aeza International LTD,-
213.165.88.177,443,true,GB,N/A,-,IONOS SE,-
217.144.186.133,443,true,GB,N/A,-,Aeza International LTD,-
217.144.189.127,443,true,GB,N/A,-,Aeza International LTD,-
217.154.53.220,443,true,GB,N/A,-,IONOS SE,-
31.97.58.104,443,true,GB,N/A,-,Hostinger International Limited,-
35.176.187.206,443,true,GB,N/A,-,Amazon Data Services UK,-
45.150.33.143,443,true,GB,N/A,-,Aeza International LTD,-
45.89.63.101,443,true,GB,N/A,-,Baykov Ilya Sergeevich,-
46.227.50.116,443,true,GB,N/A,-,DIGNITY,-
51.195.235.202,443,true,GB,N/A,-,OVH Ltd,-
51.38.82.153,443,true,GB,N/A,-,OVH Ltd,-
57.128.176.147,443,true,GB,N/A,-,OVH Ltd,-
57.128.176.149,443,true,GB,N/A,-,OVH Ltd,-
57.128.176.37,443,true,GB,N/A,-,OVH Ltd,-
57.128.176.82,443,true,GB,N/A,-,OVH Ltd,-
57.128.176.87,443,true,GB,N/A,-,OVH Ltd,-
57.128.176.90,443,true,GB,N/A,-,OVH Ltd,-
57.128.177.172,443,true,GB,N/A,-,OVH Ltd,-
57.128.177.176,443,true,GB,N/A,-,OVH Ltd,-
57.128.177.185,443,true,GB,N/A,-,OVH Ltd,-
57.128.177.191,443,true,GB,N/A,-,OVH Ltd,-
57.128.177.198,443,true,GB,N/A,-,OVH Ltd,-
57.128.177.203,443,true,GB,N/A,-,OVH Ltd,-
57.128.177.206,443,true,GB,N/A,-,OVH Ltd,-
57.128.177.218,443,true,GB,N/A,-,OVH Ltd,-
57.128.177.22,443,true,GB,N/A,-,OVH Ltd,-
57.128.177.235,443,true,GB,N/A,-,OVH Ltd,-
57.128.178.122,443,true,GB,N/A,-,OVH Ltd,-
57.128.178.164,443,true,GB,N/A,-,OVH Ltd,-
57.128.178.183,443,true,GB,N/A,-,OVH Ltd,-
57.128.178.196,443,true,GB,N/A,-,OVH Ltd,-
57.128.178.224,443,true,GB,N/A,-,OVH Ltd,-
57.128.178.232,443,true,GB,N/A,-,OVH Ltd,-
57.128.178.36,443,true,GB,N/A,-,OVH Ltd,-
57.128.178.42,443,true,GB,N/A,-,OVH Ltd,-
57.128.178.63,443,true,GB,N/A,-,OVH Ltd,-
57.128.178.79,443,true,GB,N/A,-,OVH Ltd,-
57.128.179.10,443,true,GB,N/A,-,OVH Ltd,-
57.128.179.111,443,true,GB,N/A,-,OVH Ltd,-
57.128.179.189,443,true,GB,N/A,-,OVH Ltd,-
57.128.179.254,443,true,GB,N/A,-,OVH Ltd,-
57.128.179.45,443,true,GB,N/A,-,OVH Ltd,-
57.128.179.9,443,true,GB,N/A,-,OVH Ltd,-
57.128.180.133,443,true,GB,N/A,-,OVH Ltd,-
57.128.180.238,443,true,GB,N/A,-,OVH Ltd,-
57.128.180.59,443,true,GB,N/A,-,OVH Ltd,-
57.128.180.80,443,true,GB,N/A,-,OVH Ltd,-
57.128.180.98,443,true,GB,N/A,-,OVH Ltd,-
57.128.181.125,443,true,GB,N/A,-,OVH Ltd,-
57.128.181.14,443,true,GB,N/A,-,OVH Ltd,-
57.128.181.151,443,true,GB,N/A,-,OVH Ltd,-
57.128.181.18,443,true,GB,N/A,-,OVH Ltd,-
57.128.181.219,443,true,GB,N/A,-,OVH Ltd,-
57.128.181.221,443,true,GB,N/A,-,OVH Ltd,-
57.128.181.24,443,true,GB,N/A,-,OVH Ltd,-
57.128.181.247,443,true,GB,N/A,-,OVH Ltd,-
57.128.181.26,443,true,GB,N/A,-,OVH Ltd,-
57.128.181.82,443,true,GB,N/A,-,OVH Ltd,-
57.128.181.88,443,true,GB,N/A,-,OVH Ltd,-
57.128.181.89,443,true,GB,N/A,-,OVH Ltd,-
57.128.181.91,443,true,GB,N/A,-,OVH Ltd,-
57.128.182.21,443,true,GB,N/A,-,OVH Ltd,-
57.128.182.234,443,true,GB,N/A,-,OVH Ltd,-
57.128.182.255,443,true,GB,N/A,-,OVH Ltd,-
57.128.182.27,443,true,GB,N/A,-,OVH Ltd,-
57.128.182.52,443,true,GB,N/A,-,OVH Ltd,-
57.128.182.61,443,true,GB,N/A,-,OVH Ltd,-
57.128.182.76,443,true,GB,N/A,-,OVH Ltd,-
57.128.183.107,443,true,GB,N/A,-,OVH Ltd,-
57.128.183.108,443,true,GB,N/A,-,OVH Ltd,-
57.128.183.13,443,true,GB,N/A,-,OVH Ltd,-
57.128.183.133,443,true,GB,N/A,-,OVH Ltd,-
57.128.183.137,443,true,GB,N/A,-,OVH Ltd,-
57.128.183.138,443,true,GB,N/A,-,OVH Ltd,-
57.128.183.142,443,true,GB,N/A,-,OVH Ltd,-
57.128.183.143,443,true,GB,N/A,-,OVH Ltd,-
57.128.183.196,443,true,GB,N/A,-,OVH Ltd,-
57.128.183.214,443,true,GB,N/A,-,OVH Ltd,-
57.128.183.225,443,true,GB,N/A,-,OVH Ltd,-
57.128.183.245,443,true,GB,N/A,-,OVH Ltd,-
57.128.183.248,443,true,GB,N/A,-,OVH Ltd,-
57.128.183.3,443,true,GB,N/A,-,OVH Ltd,-
57.128.183.35,443,true,GB,N/A,-,OVH Ltd,-
57.128.183.40,443,true,GB,N/A,-,OVH Ltd,-
57.128.183.59,443,true,GB,N/A,-,OVH Ltd,-
57.128.183.6,443,true,GB,N/A,-,OVH Ltd,-
57.128.183.77,443,true,GB,N/A,-,OVH Ltd,-
57.128.183.79,443,true,GB,N/A,-,OVH Ltd,-
57.128.183.82,443,true,GB,N/A,-,OVH Ltd,-
57.128.183.90,443,true,GB,N/A,-,OVH Ltd,-
57.129.137.196,443,true,GB,N/A,-,OVH Ltd,-
57.129.137.197,443,true,GB,N/A,-,OVH Ltd,-
57.129.137.198,443,true,GB,N/A,-,OVH Ltd,-
57.129.137.199,443,true,GB,N/A,-,OVH Ltd,-
57.129.137.200,443,true,GB,N/A,-,OVH Ltd,-
57.129.137.201,443,true,GB,N/A,-,OVH Ltd,-
57.129.137.202,443,true,GB,N/A,-,OVH Ltd,-
57.129.137.203,443,true,GB,N/A,-,OVH Ltd,-
57.129.137.204,443,true,GB,N/A,-,OVH Ltd,-
57.129.137.205,443,true,GB,N/A,-,OVH Ltd,-
57.129.137.206,443,true,GB,N/A,-,OVH Ltd,-
57.129.137.207,443,true,GB,N/A,-,OVH Ltd,-
57.129.137.208,443,true,GB,N/A,-,OVH Ltd,-
57.129.137.209,443,true,GB,N/A,-,OVH Ltd,-
57.129.137.210,443,true,GB,N/A,-,OVH Ltd,-
57.129.137.211,443,true,GB,N/A,-,OVH Ltd,-
57.129.137.212,443,true,GB,N/A,-,OVH Ltd,-
57.129.137.213,443,true,GB,N/A,-,OVH Ltd,-
57.129.137.214,443,true,GB,N/A,-,OVH Ltd,-
57.129.137.215,443,true,GB,N/A,-,OVH Ltd,-
57.129.137.216,443,true,GB,N/A,-,OVH Ltd,-
57.129.137.217,443,true,GB,N/A,-,OVH Ltd,-
57.129.137.218,443,true,GB,N/A,-,OVH Ltd,-
57.129.137.219,443,true,GB,N/A,-,OVH Ltd,-
57.129.137.220,443,true,GB,N/A,-,OVH Ltd,-
57.129.137.221,443,true,GB,N/A,-,OVH Ltd,-
57.129.137.222,443,true,GB,N/A,-,OVH Ltd,-
57.129.137.223,443,true,GB,N/A,-,OVH Ltd,-
57.129.137.224,443,true,GB,N/A,-,OVH Ltd,-
57.129.137.225,443,true,GB,N/A,-,OVH Ltd,-
57.129.137.226,443,true,GB,N/A,-,OVH Ltd,-
57.129.137.227,443,true,GB,N/A,-,OVH Ltd,-
57.129.137.228,443,true,GB,N/A,-,OVH Ltd,-
57.129.137.229,443,true,GB,N/A,-,OVH Ltd,-
57.129.137.230,443,true,GB,N/A,-,OVH Ltd,-
57.129.137.232,443,true,GB,N/A,-,OVH Ltd,-
57.129.137.233,443,true,GB,N/A,-,OVH Ltd,-
57.129.137.234,443,true,GB,N/A,-,OVH Ltd,-
57.129.137.235,443,true,GB,N/A,-,OVH Ltd,-
57.129.137.236,443,true,GB,N/A,-,OVH Ltd,-
57.129.137.237,443,true,GB,N/A,-,OVH Ltd,-
57.129.137.238,443,true,GB,N/A,-,OVH Ltd,-
57.129.137.239,443,true,GB,N/A,-,OVH Ltd,-
57.129.137.240,443,true,GB,N/A,-,OVH Ltd,-
57.129.137.241,443,true,GB,N/A,-,OVH Ltd,-
57.129.137.242,443,true,GB,N/A,-,OVH Ltd,-
57.129.137.243,443,true,GB,N/A,-,OVH Ltd,-
57.129.137.244,443,true,GB,N/A,-,OVH Ltd,-
57.129.137.245,443,true,GB,N/A,-,OVH Ltd,-
57.129.137.49,443,true,GB,N/A,-,OVH Ltd,-
57.129.137.50,443,true,GB,N/A,-,OVH Ltd,-
57.129.137.51,443,true,GB,N/A,-,OVH Ltd,-
57.129.137.52,443,true,GB,N/A,-,OVH Ltd,-
57.129.137.53,443,true,GB,N/A,-,OVH Ltd,-
57.129.137.54,443,true,GB,N/A,-,OVH Ltd,-
57.129.137.55,443,true,GB,N/A,-,OVH Ltd,-
57.129.137.56,443,true,GB,N/A,-,OVH Ltd,-
57.129.137.57,443,true,GB,N/A,-,OVH Ltd,-
57.129.137.58,443,true,GB,N/A,-,OVH Ltd,-
57.129.137.59,443,true,GB,N/A,-,OVH Ltd,-
57.129.137.60,443,true,GB,N/A,-,OVH Ltd,-
57.129.137.61,443,true,GB,N/A,-,OVH Ltd,-
57.129.137.62,443,true,GB,N/A,-,OVH Ltd,-
57.129.137.63,443,true,GB,N/A,-,OVH Ltd,-
57.129.137.64,443,true,GB,N/A,-,OVH Ltd,-
57.129.137.65,443,true,GB,N/A,-,OVH Ltd,-
57.129.137.66,443,true,GB,N/A,-,OVH Ltd,-
57.129.137.67,443,true,GB,N/A,-,OVH Ltd,-
57.129.137.68,443,true,GB,N/A,-,OVH Ltd,-
57.129.137.69,443,true,GB,N/A,-,OVH Ltd,-
57.129.137.70,443,true,GB,N/A,-,OVH Ltd,-
57.129.137.71,443,true,GB,N/A,-,OVH Ltd,-
57.129.137.72,443,true,GB,N/A,-,OVH Ltd,-
57.129.137.73,443,true,GB,N/A,-,OVH Ltd,-
57.129.137.75,443,true,GB,N/A,-,OVH Ltd,-
57.129.137.76,443,true,GB,N/A,-,OVH Ltd,-
57.129.137.77,443,true,GB,N/A,-,OVH Ltd,-
57.129.137.78,443,true,GB,N/A,-,OVH Ltd,-
57.129.137.79,443,true,GB,N/A,-,OVH Ltd,-
57.129.137.80,443,true,GB,N/A,-,OVH Ltd,-
57.129.137.81,443,true,GB,N/A,-,OVH Ltd,-
57.129.137.82,443,true,GB,N/A,-,OVH Ltd,-
57.129.137.83,443,true,GB,N/A,-,OVH Ltd,-
57.129.137.84,443,true,GB,N/A,-,OVH Ltd,-
57.129.137.85,443,true,GB,N/A,-,OVH Ltd,-
57.129.137.86,443,true,GB,N/A,-,OVH Ltd,-
57.129.137.87,443,true,GB,N/A,-,OVH Ltd,-
57.129.137.89,443,true,GB,N/A,-,OVH Ltd,-
57.129.137.90,443,true,GB,N/A,-,OVH Ltd,-
57.129.137.91,443,true,GB,N/A,-,OVH Ltd,-
57.129.137.92,443,true,GB,N/A,-,OVH Ltd,-
57.129.137.93,443,true,GB,N/A,-,OVH Ltd,-
57.129.137.94,443,true,GB,N/A,-,OVH Ltd,-
57.129.137.95,443,true,GB,N/A,-,OVH Ltd,-
57.129.137.96,443,true,GB,N/A,-,OVH Ltd,-
62.60.150.195,443,true,GB,N/A,-,Aeza International LTD,-
62.60.152.148,443,true,GB,N/A,-,Aeza International LTD,-
62.60.152.26,443,true,GB,N/A,-,Aeza International LTD,-
62.60.153.165,443,true,GB,N/A,-,Aeza International LTD,-
62.60.153.221,443,true,GB,N/A,-,Aeza International LTD,-
62.60.153.248,443,true,GB,N/A,-,Aeza International LTD,-
62.60.153.58,443,true,GB,N/A,-,Aeza International LTD,-
62.60.159.140,443,true,GB,N/A,-,Aeza International LTD,-
62.60.186.81,443,true,GB,N/A,-,Aeza International LTD,-
62.60.217.230,443,true,GB,N/A,-,Aeza International LTD,-
62.60.237.175,443,true,GB,N/A,-,Aeza International LTD,-
62.60.238.62,443,true,GB,N/A,-,Aeza International LTD,-
62.60.244.168,443,true,GB,N/A,-,Aeza International LTD,-
62.60.245.155,443,true,GB,N/A,-,Aeza International LTD,-
62.60.245.67,443,true,GB,N/A,-,Aeza International LTD,-
62.60.245.7,443,true,GB,N/A,-,Aeza International LTD,-
62.60.247.217,443,true,GB,N/A,-,Aeza International LTD,-
62.60.250.200,443,true,GB,N/A,-,Aeza International LTD,-
62.60.251.103,443,true,GB,N/A,-,Aeza International LTD,-
68.168.31.169,443,true,GB,N/A,-,GTHost,-
77.110.97.193,443,true,GB,N/A,-,Aeza International LTD,-
77.221.136.148,443,true,GB,N/A,-,Aeza International LTD,-
77.221.136.180,443,true,GB,N/A,-,Aeza International LTD,-
77.221.138.138,443,true,GB,N/A,-,Aeza International LTD,-
77.221.140.186,443,true,GB,N/A,-,Aeza International LTD,-
77.221.143.39,443,true,GB,N/A,-,Aeza International LTD,-
77.221.155.180,443,true,GB,N/A,-,Aeza International LTD,-
77.221.155.76,443,true,GB,N/A,-,Aeza International LTD,-
77.221.157.32,443,true,GB,N/A,-,Aeza International LTD,-
78.129.149.27,443,true,GB,N/A,-,Iomart Managed Services Limited,-
78.129.253.115,443,true,GB,N/A,-,Iomart Managed Services Limited,-
78.129.253.144,443,true,GB,N/A,-,Iomart Managed Services Limited,-
79.137.196.238,443,true,GB,N/A,-,Aeza International LTD,-
79.137.197.252,443,true,GB,N/A,-,Aeza International LTD,-
79.137.248.111,443,true,GB,N/A,-,Aeza International LTD,-
8.208.19.143,443,true,GB,N/A,-,Aliyun Computing CoLTD,-
83.147.192.104,443,true,GB,N/A,-,Aeza International LTD,-
83.147.192.190,443,true,GB,N/A,-,Aeza International LTD,-
83.147.216.239,443,true,GB,N/A,-,Aeza International LTD,-
83.147.252.174,443,true,GB,N/A,-,Aeza International LTD,-
83.147.254.14,443,true,GB,N/A,-,Aeza International LTD,-
83.147.254.36,443,true,GB,N/A,-,Aeza International LTD,-
83.147.254.8,443,true,GB,N/A,-,Aeza International LTD,-
84.8.145.58,443,true,GB,N/A,-,Oracle Svenska AB,-
85.192.25.131,443,true,GB,N/A,-,Aeza International LTD,-
85.192.27.165,443,true,GB,N/A,-,Aeza International LTD,-
85.192.60.101,443,true,GB,N/A,-,Aeza International LTD,-
85.192.60.129,443,true,GB,N/A,-,Aeza International LTD,-
87.106.65.110,443,true,GB,N/A,-,IONOS SE,-
87.117.205.16,443,true,GB,N/A,-,RapidSwitch Ltd,-
88.150.230.52,443,true,GB,N/A,-,Iomart Managed Services Limited,-
89.169.34.99,443,true,GB,N/A,-,Aeza International LTD,-
89.22.227.190,443,true,GB,N/A,-,Aeza International LTD,-
89.22.230.42,443,true,GB,N/A,-,Aeza International LTD,-
89.22.232.254,443,true,GB,N/A,-,Aeza International LTD,-
89.22.238.178,443,true,GB,N/A,-,Aeza International LTD,-
91.108.241.188,443,true,GB,N/A,-,Aeza International LTD,-
91.149.202.142,443,true,GB,N/A,-,BGNETWORK,-
91.149.238.31,443,true,GB,N/A,-,BGNETWORK,-
91.149.238.88,443,true,GB,N/A,-,Baxet Group Inc,-
91.186.217.158,443,true,GB,N/A,-,Aeza International LTD,-
91.186.218.58,443,true,GB,N/A,-,Aeza International LTD,-
92.246.136.38,443,true,GB,N/A,-,Aeza International LTD,-
92.246.139.226,443,true,GB,N/A,-,Aeza International LTD,-
95.163.153.198,443,true,GB,N/A,-,Aeza International LTD,-
101.79.165.113,443,true,HK,N/A,-,CDNetworks,-
154.38.116.8,443,true,HK,N/A,-,STARCLOUD GLOBAL PTE LTD,-
210.3.159.133,443,true,HK,N/A,-,HGC Global Communications Limited,-
219.76.13.166,443,true,HK,N/A,-,Hong Kong Telecommunications HKT Limited Mass Internet,-
219.76.13.167,443,true,HK,N/A,-,Hong Kong Telecommunications HKT Limited Mass Internet,-
219.76.13.169,443,true,HK,N/A,-,Hong Kong Telecommunications HKT Limited Mass Internet,-
219.76.13.177,443,true,HK,N/A,-,Hong Kong Telecommunications HKT Limited Mass Internet,-
219.76.13.180,443,true,HK,N/A,-,Hong Kong Telecommunications HKT Limited Mass Internet,-
219.76.13.181,443,true,HK,N/A,-,Hong Kong Telecommunications HKT Limited Mass Internet,-
219.76.13.183,443,true,HK,N/A,-,Hong Kong Telecommunications HKT Limited Mass Internet,-
43.198.204.35,443,true,HK,N/A,-,Amazoncom Inc,-
46.20.109.64,443,true,HK,N/A,-,Nearoute Limited,-
47.76.218.163,443,true,HK,N/A,-,Alibaba Cloud  HK,-
8.210.29.68,443,true,HK,N/A,-,Aliyun Computing CoLTD,-
109.122.217.24,443,true,HU,N/A,-,RackForest,-
185.225.68.232,443,true,HU,N/A,-,ATW Internet Kft,-
38.180.108.148,443,true,HU,N/A,-,3NT SOLUTIONS LLP,-
38.180.109.174,443,true,HU,N/A,-,3NT SOLUTIONS LLP,-
38.180.225.181,443,true,HU,N/A,-,3NT SOLUTIONS LLP,-
91.219.237.49,443,true,HU,N/A,-,ServerAstra Kft,-
43.218.77.16,443,true,ID,N/A,-,Amazoncom Inc,-
107.172.145.153,443,true,IE,N/A,-,RackNerd LLC,-
194.26.213.108,443,true,IE,N/A,-,MVPS LTD,-
198.55.103.168,443,true,IE,N/A,-,Cloudflare London LLC,-
45.141.234.35,443,true,IE,N/A,-,GLOBAL CONNECTIVITY SOLUTIONS LLP,-
54.216.143.197,443,true,IE,N/A,-,Amazoncom Inc,-
54.247.36.82,443,true,IE,N/A,-,Amazon Data Services Ireland Limited,-
54.77.206.41,443,true,IE,N/A,-,Amazon Technologies Inc,-
185.239.48.207,443,true,IL,N/A,-,LLC Smart Ape,-
185.239.48.237,443,true,IL,N/A,-,LLC Smart Ape,-
82.166.137.24,443,true,IL,N/A,-,ADSLVIP,-
13.200.192.197,443,true,IN,N/A,-,Amazon Data Services India,-
134.209.148.128,443,true,IN,N/A,-,DigitalOcean LLC,-
159.65.159.31,443,true,IN,N/A,-,DigitalOcean LLC,-
20.207.237.5,443,true,IN,N/A,-,Microsoft Corporation,-
20.235.105.146,443,true,IN,N/A,-,Microsoft Corporation,-
20.235.220.189,443,true,IN,N/A,-,Microsoft Corporation,-
216.10.243.159,443,true,IN,N/A,-,PDR Solutions FZC,-
219.65.73.81,443,true,IN,N/A,-,Reliance Jio Infocomm Limited,-
4.240.110.47,443,true,IN,N/A,-,Microsoft Corporation,-
43.205.45.56,443,true,IN,N/A,-,Amazoncom Inc,-
98.70.26.236,443,true,IN,N/A,-,Microsoft Corporation,-
194.247.183.118,443,true,IS,N/A,-,HOSTKEY BV,-
195.246.230.125,443,true,IS,N/A,-,1984 ehf,-
89.147.108.252,443,true,IS,N/A,-,1984 ehf,-
151.91.39.191,443,true,IT,N/A,-,Stellantis Auto SAS,-
158.180.231.216,443,true,IT,N/A,-,Oracle Corporation,-
195.231.38.220,443,true,IT,N/A,-,Aruba SpA  Cloud Services IT3,-
5.249.146.98,443,true,IT,N/A,-,Aruba SpA  Cloud Services Farm2,-
80.211.170.53,443,true,IT,N/A,-,Aruba SpA  Cloud Services Farm2,-
80.211.238.61,443,true,IT,N/A,-,Aruba SpA  Cloud Services Farm2,-
80.211.48.113,443,true,IT,N/A,-,Aruba SpA  Cloud Services DC1,-
94.177.199.45,443,true,IT,N/A,-,Aruba SpA  Cloud Services Farm2,-
138.2.39.24,443,true,JP,N/A,-,Oracle Corporation,-
138.2.5.136,443,true,JP,N/A,-,Cloudflare London LLC,-
140.238.50.134,443,true,JP,N/A,-,Oracle Public Cloud,-
141.147.185.63,443,true,JP,N/A,-,Oracle Corporation,-
149.28.21.106,443,true,JP,N/A,-,Vultr Holdings LLC,-
153.121.45.101,443,true,JP,N/A,-,SAKURA Internet Inc,-
155.248.181.189,443,true,JP,N/A,-,Oracle Public Cloud,-
168.138.212.80,443,true,JP,N/A,-,Oracle Public Cloud,-
168.138.46.67,443,true,JP,N/A,-,Oracle Public Cloud,-
210.138.37.53,443,true,JP,N/A,-,CDNetworks co Ltd,-
45.76.198.248,443,true,JP,N/A,-,Vultr Holdings LLC,-
45.77.9.114,443,true,JP,N/A,-,Vultr Holdings LLC,-
64.110.104.30,443,true,JP,N/A,-,Oracle Corporation,-
64.176.36.17,443,true,JP,N/A,-,The Constant Company LLC,-
188.240.213.125,443,true,KG,N/A,-,RCS Technologies FZE LLC,-
188.240.213.40,443,true,KG,N/A,-,RCS Technologies FZE LLC,-
123.111.169.70,443,true,KR,N/A,-,SK Broadband Co Ltd,-
130.162.130.105,443,true,KR,N/A,-,Oracle Public Cloud,-
144.24.73.232,443,true,KR,N/A,-,Oracle Corp UK Ltd,-
158.180.72.60,443,true,KR,N/A,-,oracle,-
192.46.231.158,443,true,KR,N/A,-,Akamai Connected Cloud  Linode,-
64.110.75.145,443,true,KR,N/A,-,Oracle Corporation,-
185.4.180.39,443,true,KZ,N/A,-,PS Internet Company LLP,-
213.148.10.155,443,true,KZ,N/A,-,Modern Server Solutions LLP,-
38.180.38.137,443,true,KZ,N/A,-,3NT SOLUTIONS LLP,-
45.88.90.13,443,true,KZ,N/A,-,GLB Bulut Teknolojisi Limited Sirketi,-
5.35.108.7,443,true,KZ,N/A,-,Cloud Services Kazakhstan LLP,-
86.104.73.185,443,true,KZ,N/A,-,WorkTitans BV,-
86.104.73.192,443,true,KZ,N/A,-,WorkTitans BV,-
91.200.148.120,443,true,KZ,N/A,-,Quasar LLC,-
94.131.2.70,443,true,KZ,N/A,-,WorkTitans BV,-
95.164.114.217,443,true,KZ,N/A,-,WorkTitans BV,-
147.45.217.231,443,true,LT,N/A,-,GLOBAL CONNECTIVITY SOLUTIONS LLP,-
147.45.217.40,443,true,LT,N/A,-,GLOBAL CONNECTIVITY SOLUTIONS LLP,-
176.223.136.90,443,true,LT,N/A,-,UAB Interneto vizija,-
194.135.80.192,443,true,LT,N/A,-,UAB Interneto vizija,-
195.181.244.107,443,true,LT,N/A,-,UAB Interneto vizija,-
195.181.244.216,443,true,LT,N/A,-,UAB Interneto vizija,-
2.59.162.27,443,true,LT,N/A,-,GLOBAL CONNECTIVITY SOLUTIONS LLP,-
45.93.137.149,443,true,LT,N/A,-,Hostinger International Limited,-
5.199.162.130,443,true,LT,N/A,-,UAB Cherry Servers,-
5.199.173.195,443,true,LT,N/A,-,UAB Cherry Servers,-
85.206.172.44,443,true,LT,N/A,-,SolusVM priskirti adresai,-
89.40.15.168,443,true,LT,N/A,-,UAB Interneto vizija,-
178.248.75.57,443,true,LV,N/A,-,SERVA ONE LTD,-
185.113.139.184,443,true,LV,N/A,-,Baykov Ilya Sergeevich,-
185.22.173.79,443,true,LV,N/A,-,SIA VEESP,-
188.253.20.190,443,true,LV,N/A,-,SIA VEESP,-
188.64.142.13,443,true,LV,N/A,-,Baxet Group Inc,-
194.58.34.139,443,true,LV,N/A,-,Baxet Group Inc,-
194.8.6.33,443,true,LV,N/A,-,Versija SIA,-
194.87.89.41,443,true,LV,N/A,-,Baxet Group Inc,-
195.123.210.147,443,true,LV,N/A,-,IPv6 services for dedicated servers and VDSVPS,-
195.135.252.139,443,true,LV,N/A,-,SIA VEESP,-
195.135.252.170,443,true,LV,N/A,-,SIA VEESP,-
195.135.253.121,443,true,LV,N/A,-,SIA VEESP,-
216.173.71.171,443,true,LV,N/A,-,SIA VEESP,-
46.32.184.75,443,true,LV,N/A,-,SIA VEESP,-
5.34.208.18,443,true,LV,N/A,-,SIA VEESP,-
5.34.211.94,443,true,LV,N/A,-,SIA VEESP,-
5.34.212.114,443,true,LV,N/A,-,SIA VEESP,-
5.34.214.205,443,true,LV,N/A,-,SIA VEESP,-
77.73.71.196,443,true,LV,N/A,-,SIA VEESP,-
84.21.172.81,443,true,LV,N/A,-,Baykov Ilya Sergeevich,-
85.203.39.55,443,true,LV,N/A,-,EstNOCGlobal,-
85.31.102.163,443,true,LV,N/A,-,Sia Nano IT,-
90.156.254.74,443,true,LV,N/A,-,Beget LLC,-
90.156.255.45,443,true,LV,N/A,-,Beget LLC,-
91.197.1.119,443,true,LV,N/A,-,SIA VEESP,-
91.197.1.21,443,true,LV,N/A,-,SIA VEESP,-
91.197.3.157,443,true,LV,N/A,-,SIA VEESP,-
92.118.170.191,443,true,LV,N/A,-,Baykov Ilya Sergeevich,-
94.158.218.48,443,true,LV,N/A,-,SIA VEESP,-
94.158.219.126,443,true,LV,N/A,-,SIA VEESP,-
109.185.236.240,443,true,MD,N/A,-,JSC Moldtelecom SA,-
159.253.120.204,443,true,MD,N/A,-,ALEXHOST SRL,-
185.250.148.240,443,true,MD,N/A,-,WorkTitans BV,-
194.102.104.18,443,true,MD,N/A,-,AlexHost SRL,-
45.83.141.93,443,true,MK,N/A,-,WorkTitans BV,-
148.223.138.11,443,true,MX,N/A,-,Uninet S A de CV,-
58.27.117.24,443,true,MY,N/A,-,TMNET,-
103.102.228.10,443,true,NL,N/A,-,Individual Entrepreneur Anton Levin,-
103.102.228.113,443,true,NL,N/A,-,Individual Entrepreneur Anton Levin,-
103.102.228.173,443,true,NL,N/A,-,Individual Entrepreneur Anton Levin,-
103.136.70.115,443,true,NL,N/A,-,ahbr company limited,-
103.137.248.227,443,true,NL,N/A,-,CLODO CLOUD SERVICE CO LLC,-
103.137.249.207,443,true,NL,N/A,-,CLODO CLOUD SERVICE CO LLC,-
103.137.250.250,443,true,NL,N/A,-,CLODO CLOUD SERVICE CO LLC,-
103.137.250.68,443,true,NL,N/A,-,CLODO CLOUD SERVICE CO LLC,-
103.251.165.157,443,true,NL,N/A,-,The Infrastructure Group BV,-
103.45.247.67,443,true,NL,N/A,-,OMC COMPUTERS  COMMUNICATIONS LTD,-
103.54.16.25,443,true,NL,N/A,-,CLODO CLOUD SERVICE CO LLC,-
103.80.86.83,443,true,NL,N/A,-,Individual Entrepreneur Anton Levin,-
103.90.72.71,443,true,NL,N/A,-,CLODO CLOUD SERVICE CO LLC,-
103.90.75.121,443,true,NL,N/A,-,CLODO CLOUD SERVICE CO LLC,-
103.97.88.133,443,true,NL,N/A,-,Melbikomas UAB,-
104.194.134.5,443,true,NL,N/A,-,RouterHosting LLC,-
104.249.40.219,443,true,NL,N/A,-,Individual Entrepreneur Anton Levin,-
104.249.40.28,443,true,NL,N/A,-,Individual Entrepreneur Anton Levin,-
107.189.17.120,443,true,NL,N/A,-,RouterHosting LLC,-
109.104.153.94,443,true,NL,N/A,-,oneprovidercom  Amsterdam Infrastructure,-
109.120.158.149,443,true,NL,N/A,-,VPS1 network in Dronten NL,-
109.122.202.74,443,true,NL,N/A,-,Melbikomas UAB,-
109.172.93.20,443,true,NL,N/A,-,Serverio technologijos MB,-
109.176.207.168,443,true,NL,N/A,-,Private Customer,-
109.69.56.236,443,true,NL,N/A,-,FIRST SERVER SOCIEDAD LIMITADA,-
109.69.57.181,443,true,NL,N/A,-,FIRST SERVER SOCIEDAD LIMITADA,-
109.71.246.91,443,true,NL,N/A,-,Timeweb LLP,-
109.73.204.202,443,true,NL,N/A,-,Timeweb LLP,-
134.122.61.31,443,true,NL,N/A,-,DigitalOcean LLC,-
134.209.136.197,443,true,NL,N/A,-,DigitalOcean LLC,-
145.249.115.239,443,true,NL,N/A,-,GLOBAL CONNECTIVITY SOLUTIONS LLP,-
146.0.73.202,443,true,NL,N/A,-,HOSTKEY BV,-
146.0.79.124,443,true,NL,N/A,-,HOSTKEY BV,-
146.0.79.33,443,true,NL,N/A,-,HOSTKEY BV,-
146.103.113.158,443,true,NL,N/A,-,Amsterdam Netherlands,-
146.103.114.134,443,true,NL,N/A,-,Amsterdam Netherlands,-
146.103.114.180,443,true,NL,N/A,-,Amsterdam Netherlands,-
146.185.174.136,443,true,NL,N/A,-,Digital Ocean Inc,-
146.190.236.144,443,true,NL,N/A,-,DigitalOcean LLC,-
147.45.114.187,443,true,NL,N/A,-,Individual Entrepreneur Anton Levin,-
147.45.136.100,443,true,NL,N/A,-,Cloudflare London LLC,-
147.45.142.181,443,true,NL,N/A,-,JSC TIMEWEB,-
147.45.152.193,443,true,NL,N/A,-,Timeweb LLP,-
147.45.170.176,443,true,NL,N/A,-,Timeweb LLP,-
147.45.173.149,443,true,NL,N/A,-,Timeweb LLP,-
147.45.173.184,443,true,NL,N/A,-,JSC TIMEWEB,-
147.45.221.20,443,true,NL,N/A,-,Cloudflare London LLC,-
147.45.225.134,443,true,NL,N/A,-,Timeweb LLP,-
147.45.228.4,443,true,NL,N/A,-,Timeweb LLP,-
147.45.248.214,443,true,NL,N/A,-,Timeweb LLP,-
147.45.45.136,443,true,NL,N/A,-,Partner Hosting LTD,-
147.45.50.238,443,true,NL,N/A,-,GLOBAL CONNECTIVITY SOLUTIONS LLP,-
158.101.214.54,443,true,NL,N/A,-,Oracle Public Cloud,-
158.180.12.117,443,true,NL,N/A,-,Oracle Corporation,-
159.223.14.204,443,true,NL,N/A,-,DigitalOcean LLC,-
159.223.224.134,443,true,NL,N/A,-,DigitalOcean LLC,-
164.92.210.231,443,true,NL,N/A,-,DigitalOcean LLC,-
165.232.89.21,443,true,NL,N/A,-,DigitalOcean LLC,-
165.232.92.96,443,true,NL,N/A,-,DigitalOcean LLC,-
166.1.22.116,443,true,NL,N/A,-,Baxet Group Inc,-
168.100.9.81,443,true,NL,N/A,-,BL Networks,-
171.22.183.86,443,true,NL,N/A,-,BlueVPS OU,-
176.119.141.113,443,true,NL,N/A,-,Snowd Security OU,-
176.124.201.7,443,true,NL,N/A,-,Timeweb LLP,-
176.222.52.201,443,true,NL,N/A,-,HOSTKEY BV,-
176.222.52.246,443,true,NL,N/A,-,HOSTKEY BV,-
176.222.55.197,443,true,NL,N/A,-,HOSTKEY BV,-
178.173.248.215,443,true,NL,N/A,-,SIA VEESP,-
178.173.248.248,443,true,NL,N/A,-,SIA VEESP,-
178.208.76.68,443,true,NL,N/A,-,Iron Hosting Centre Ltd London UK mchost,-
178.208.78.77,443,true,NL,N/A,-,Iron Hosting Centre Ltd London UK mc,-
178.208.80.52,443,true,NL,N/A,-,Iron Hosting Centre Ltd London UK mchost,-
178.253.23.53,443,true,NL,N/A,-,TimeWeb,-
178.255.222.148,443,true,NL,N/A,-,as56971 network,-
178.62.242.239,443,true,NL,N/A,-,DigitalOcean Amsterdam,-
185.103.255.142,443,true,NL,N/A,-,FIRST SERVER SOCIEDAD LIMITADA,-
185.103.255.196,443,true,NL,N/A,-,FIRST SERVER LIMITED,-
185.103.255.245,443,true,NL,N/A,-,FIRST SERVER SOCIEDAD LIMITADA,-
185.105.108.154,443,true,NL,N/A,-,Majordomoru net in Amsterdam NL,-
185.121.225.127,443,true,NL,N/A,-,Skyvision Business Centre BV,-
185.130.224.202,443,true,NL,N/A,-,HOSTKEY BV,-
185.130.225.38,443,true,NL,N/A,-,HOSTKEY BV,-
185.156.172.196,443,true,NL,N/A,-,M247 LTD Amsterdam Infrastructure,-
185.164.163.149,443,true,NL,N/A,-,VPS1 network in Dronten NL,-
185.18.54.143,443,true,NL,N/A,-,wwwfornexcom Fornex Hosting SL,-
185.185.41.34,443,true,NL,N/A,-,HostUS,-
185.186.244.116,443,true,NL,N/A,-,INXY LTD,-
185.198.165.92,443,true,NL,N/A,-,Friendhosting LTD,-
185.198.166.182,443,true,NL,N/A,-,Friendhosting LTD,-
185.200.178.185,443,true,NL,N/A,-,CLODO CLOUD SERVICE CO LLC,-
185.203.243.56,443,true,NL,N/A,-,Podaon SIA,-
185.204.52.112,443,true,NL,N/A,-,Hosting Provider EuroHoster Ltd,-
185.209.161.243,443,true,NL,N/A,-,It Hosting Group,-
185.209.162.35,443,true,NL,N/A,-,It Hosting Group,-
185.213.211.29,443,true,NL,N/A,-,Podaon SIA,-
185.223.169.157,443,true,NL,N/A,-,Brainoza OU,-
185.223.93.86,443,true,NL,N/A,-,This range is used for dynamic customer pools,-
185.23.238.76,443,true,NL,N/A,-,Individual Entrepreneur Anton Levin,-
185.23.238.91,443,true,NL,N/A,-,Individual Entrepreneur Anton Levin,-
185.233.184.70,443,true,NL,N/A,-,Snowd Security OU,-
185.233.203.113,443,true,NL,N/A,-,FIRST SERVER SOCIEDAD LIMITADA,-
185.244.218.189,443,true,NL,N/A,-,Podaon SIA,-
185.244.49.38,443,true,NL,N/A,-,Snowd Security OU,-
185.246.152.159,443,true,NL,N/A,-,Melbicom infrastructure,-
185.246.155.198,443,true,NL,N/A,-,Melbikomas UAB,-
185.247.117.195,443,true,NL,N/A,-,OMC COMPUTERS  COMMUNICATIONS LTD,-
185.247.143.104,443,true,NL,N/A,-,Izitell Cloud  FZCO,-
185.247.18.250,443,true,NL,N/A,-,Timeweb LLP,-
185.36.143.123,443,true,NL,N/A,-,Brainoza OU,-
185.36.143.166,443,true,NL,N/A,-,Brainoza OU,-
185.36.143.187,443,true,NL,N/A,-,Brainoza OU,-
185.36.143.22,443,true,NL,N/A,-,Brainoza OU,-
185.36.143.71,443,true,NL,N/A,-,Brainoza OU,-
185.37.8.203,443,true,NL,N/A,-,Brainoza OU,-
185.37.8.234,443,true,NL,N/A,-,Brainoza OU,-
185.45.113.201,443,true,NL,N/A,-,Bradler  Krantz GmbH  Co KG,-
185.70.184.38,443,true,NL,N/A,-,HOSTKEY BV,-
185.70.185.92,443,true,NL,N/A,-,HOSTKEY BV,-
185.70.187.38,443,true,NL,N/A,-,HOSTKEY BV,-
185.92.74.108,443,true,NL,N/A,-,FOXCLOUD LLP CDN,-
185.94.164.139,443,true,NL,N/A,-,FIRST SERVER SOCIEDAD LIMITADA,-
185.94.164.160,443,true,NL,N/A,-,FIRST SERVER LIMITED,-
185.94.165.207,443,true,NL,N/A,-,FIRST SERVER SOCIEDAD LIMITADA,-
188.226.202.21,443,true,NL,N/A,-,Digital Ocean Inc,-
188.227.84.40,443,true,NL,N/A,-,ITGLOBALCOM NL BV,-
188.227.85.18,443,true,NL,N/A,-,ITGLOBALCOM NL BV,-
188.253.26.128,443,true,NL,N/A,-,SIA VEESP,-
188.253.26.230,443,true,NL,N/A,-,SIA VEESP,-
192.142.54.29,443,true,NL,N/A,-,Ultahost Inc,-
192.210.175.185,443,true,NL,N/A,-,HostPapa,-
193.109.69.214,443,true,NL,N/A,-,HOSTKEY BV,-
193.124.15.11,443,true,NL,N/A,-,GLB Bulut Teknolojisi Limited Sirketi,-
193.124.188.208,443,true,NL,N/A,-,FIRST SERVER SOCIEDAD LIMITADA,-
193.124.189.227,443,true,NL,N/A,-,FIRST SERVER SOCIEDAD LIMITADA,-
193.124.49.35,443,true,NL,N/A,-,Baxet Group Inc,-
193.160.96.223,443,true,NL,N/A,-,FiberXpress BV,-
193.160.96.232,443,true,NL,N/A,-,FiberXpress BV,-
193.160.96.234,443,true,NL,N/A,-,FiberXpress BV,-
193.161.202.135,443,true,NL,N/A,-,Friendhosting LTD,-
193.168.173.55,443,true,NL,N/A,-,OMC COMPUTERS  COMMUNICATIONS LTD,-
193.23.118.195,443,true,NL,N/A,-,LayerSwitch BV,-
193.233.127.123,443,true,NL,N/A,-,GLOBAL CONNECTIVITY SOLUTIONS LLP,-
193.233.16.39,443,true,NL,N/A,-,SERVHOST GROUP LTD,-
193.37.68.164,443,true,NL,N/A,-,Individual Entrepreneur Anton Levin,-
194.0.194.212,443,true,NL,N/A,-,Serverio technologijos MB,-
194.0.194.38,443,true,NL,N/A,-,Serverio technologijos MB,-
194.0.194.7,443,true,NL,N/A,-,Serverio technologijos MB,-
194.113.153.189,443,true,NL,N/A,-,Snowd Security OU,-
194.135.105.143,443,true,NL,N/A,-,Timeweb LLP,-
194.135.38.140,443,true,NL,N/A,-,Timeweb LLP,-
194.147.149.54,443,true,NL,N/A,-,ITDELUX ltd,-
194.147.149.62,443,true,NL,N/A,-,ITDELUX ltd,-
194.15.46.50,443,true,NL,N/A,-,Podaon SIA,-
194.32.98.131,443,true,NL,N/A,-,JSC TIMEWEB,-
194.36.190.2,443,true,NL,N/A,-,Host Sailor Ltd,-
194.48.141.54,443,true,NL,N/A,-,Individual Entrepreneur Anton Levin,-
194.58.39.80,443,true,NL,N/A,-,Baxet Group Inc,-
194.58.57.93,443,true,NL,N/A,-,Timeweb LLP,-
194.87.115.52,443,true,NL,N/A,-,Timeweb LLP,-
194.87.134.130,443,true,NL,N/A,-,Timeweb LLP,-
194.87.200.203,443,true,NL,N/A,-,JSC TIMEWEB,-
194.87.208.118,443,true,NL,N/A,-,JSC TIMEWEB,-
194.87.208.209,443,true,NL,N/A,-,Timeweb LLP,-
194.87.208.54,443,true,NL,N/A,-,Timeweb LLP,-
194.87.216.205,443,true,NL,N/A,-,GLOBAL CONNECTIVITY SOLUTIONS LLP,-
194.87.26.132,443,true,NL,N/A,-,Timeweb LLP,-
194.87.26.144,443,true,NL,N/A,-,Timeweb LLP,-
194.87.27.183,443,true,NL,N/A,-,JSC TIMEWEB,-
194.87.31.49,443,true,NL,N/A,-,GLOBAL CONNECTIVITY SOLUTIONS LLP,-
194.87.82.149,443,true,NL,N/A,-,Baxet Group Inc,-
195.133.15.131,443,true,NL,N/A,-,Timeweb LLP,-
195.133.15.241,443,true,NL,N/A,-,Timeweb LLP,-
195.133.38.112,443,true,NL,N/A,-,Reliable Communications sro,-
195.133.38.227,443,true,NL,N/A,-,NKtelecom INC,-
195.133.38.54,443,true,NL,N/A,-,Reliable Communications sro,-
195.133.39.107,443,true,NL,N/A,-,Individual Entrepreneur Anton Levin,-
195.133.39.185,443,true,NL,N/A,-,Individual Entrepreneur Anton Levin,-
195.133.40.41,443,true,NL,N/A,-,JSC TIMEWEB,-
195.133.41.93,443,true,NL,N/A,-,JSC TIMEWEB,-
195.133.63.151,443,true,NL,N/A,-,Timeweb LLP,-
195.133.66.132,443,true,NL,N/A,-,Timeweb LLP,-
195.133.81.231,443,true,NL,N/A,-,Timeweb LLP,-
195.133.93.16,443,true,NL,N/A,-,Hostman LTD,-
195.54.175.160,443,true,NL,N/A,-,IROKO Networks Corporation,-
2.59.183.140,443,true,NL,N/A,-,SERVA ONE LTD,-
2.59.183.210,443,true,NL,N/A,-,SERVA ONE LTD,-
202.133.89.8,443,true,NL,N/A,-,BitCommand LLC,-
202.148.52.47,443,true,NL,N/A,-,HOSTKEY BV,-
206.189.107.74,443,true,NL,N/A,-,DigitalOcean LLC,-
209.250.255.90,443,true,NL,N/A,-,JW Lucasweg 35,-
209.38.38.145,443,true,NL,N/A,-,DigitalOcean LLC,-
212.192.215.163,443,true,NL,N/A,-,Baxet Group Inc,-
212.193.1.208,443,true,NL,N/A,-,Baxet Group Inc,-
212.193.1.234,443,true,NL,N/A,-,Baxet Group Inc,-
212.23.221.62,443,true,NL,N/A,-,NovoServe BV,-
212.80.216.85,443,true,NL,N/A,-,Serverio technologijos MB,-
212.80.218.89,443,true,NL,N/A,-,Serverio technologijos MB,-
213.108.199.59,443,true,NL,N/A,-,GTELCOM LLC,-
213.183.51.71,443,true,NL,N/A,-,Melbicom infrastructure,-
217.144.189.5,443,true,NL,N/A,-,AEZA GROUP LLC,-
23.108.217.103,443,true,NL,N/A,-,Serverscom BV,-
23.94.105.240,443,true,NL,N/A,-,RackNerd LLC,-
31.134.207.148,443,true,NL,N/A,-,DC1AMSTERDAM Cooperatie UA,-
31.15.19.10,443,true,NL,N/A,-,Individual Entrepreneur Ildar Gilmutdinov,-
31.15.19.106,443,true,NL,N/A,-,Individual Entrepreneur Ildar Gilmutdinov,-
31.15.19.180,443,true,NL,N/A,-,Individual Entrepreneur Ildar Gilmutdinov,-
31.15.19.199,443,true,NL,N/A,-,Individual Entrepreneur Ildar Gilmutdinov,-
31.15.19.21,443,true,NL,N/A,-,Individual Entrepreneur Ildar Gilmutdinov,-
31.15.19.61,443,true,NL,N/A,-,ITDELUX ltd,-
31.172.74.123,443,true,NL,N/A,-,wwwfornexcom Fornex Hosting SL,-
31.59.129.67,443,true,NL,N/A,-,Chunkserve Mateusz Peplinski,-
37.48.90.120,443,true,NL,N/A,-,LeaseWeb Netherlands BV,-
45.114.61.149,443,true,NL,N/A,-,CLODO CLOUD SERVICE CO LLC,-
45.114.61.224,443,true,NL,N/A,-,CLODO CLOUD SERVICE CO LLC,-
45.114.61.233,443,true,NL,N/A,-,CLODO CLOUD SERVICE CO LLC,-
45.114.62.148,443,true,NL,N/A,-,CLODO CLOUD SERVICE CO LLC,-
45.114.62.226,443,true,NL,N/A,-,CLODO CLOUD SERVICE CO LLC,-
45.12.255.177,443,true,NL,N/A,-,Snowd Security OU,-
45.131.187.210,443,true,NL,N/A,-,Individual Entrepreneur Anton Levin,-
45.132.107.196,443,true,NL,N/A,-,Podaon SIA,-
45.133.117.185,443,true,NL,N/A,-,Hizakura BV,-
45.133.117.190,443,true,NL,N/A,-,Hizakura BV,-
45.133.118.153,443,true,NL,N/A,-,Hizakura BV,-
45.135.180.190,443,true,NL,N/A,-,RCS Technologies FZE LLC,-
45.142.203.189,443,true,NL,N/A,-,SS NETSHOP INTERNET SERVICES LTD,-
45.144.154.146,443,true,NL,N/A,-,Individual Entrepreneur Anton Levin,-
45.144.154.149,443,true,NL,N/A,-,Individual Entrepreneur Anton Levin,-
45.144.154.236,443,true,NL,N/A,-,Individual Entrepreneur Anton Levin,-
45.147.199.13,443,true,NL,N/A,-,Podaon SIA,-
45.149.234.112,443,true,NL,N/A,-,Individual Entrepreneur Anton Levin,-
45.149.234.214,443,true,NL,N/A,-,Individual Entrepreneur Anton Levin,-
45.150.33.1,443,true,NL,N/A,-,Aeza International LTD,-
45.154.35.142,443,true,NL,N/A,-,Serverio technologijos MB,-
45.158.81.143,443,true,NL,N/A,-,Brainoza OU,-
45.158.81.45,443,true,NL,N/A,-,Brainoza OU,-
45.61.137.36,443,true,NL,N/A,-,BL Networks NL,-
45.81.35.107,443,true,NL,N/A,-,Retzorcom,-
45.85.117.116,443,true,NL,N/A,-,Brainoza OU,-
45.85.117.190,443,true,NL,N/A,-,Brainoza OU,-
45.85.117.30,443,true,NL,N/A,-,Brainoza OU,-
45.87.121.7,443,true,NL,N/A,-,New Hosting Technologies LLC,-
45.87.41.18,443,true,NL,N/A,-,SpectraIP BV,-
45.88.76.184,443,true,NL,N/A,-,Podaon SIA,-
45.90.13.200,443,true,NL,N/A,-,RoyaleHosting BV,-
45.95.42.172,443,true,NL,N/A,-,Host Sailor Ltd,-
46.17.101.133,443,true,NL,N/A,-,HOSTKEY BV,-
46.17.101.252,443,true,NL,N/A,-,HOSTKEY BV,-
46.17.102.93,443,true,NL,N/A,-,HOSTKEY BV,-
46.17.97.176,443,true,NL,N/A,-,HOSTKEY BV,-
46.17.99.222,443,true,NL,N/A,-,HOSTKEY BV,-
46.8.229.48,443,true,NL,N/A,-,CGI GLOBAL LIMITED,-
46.8.69.10,443,true,NL,N/A,-,CGI GLOBAL LIMITED,-
5.129.225.172,443,true,NL,N/A,-,TimeWeb Ltd,-
5.129.239.6,443,true,NL,N/A,-,TimeWeb Ltd,-
5.180.182.128,443,true,NL,N/A,-,OMC COMPUTERS  COMMUNICATIONS LTD,-
5.181.134.24,443,true,NL,N/A,-,Etheron Hosting,-
5.2.77.93,443,true,NL,N/A,-,The Infrastructure Group BV,-
5.253.189.215,443,true,NL,N/A,-,NKtelecom INC,-
5.253.189.224,443,true,NL,N/A,-,NKtelecom INC,-
5.253.189.238,443,true,NL,N/A,-,NKtelecom INC,-
5.253.189.62,443,true,NL,N/A,-,NKtelecom INC,-
5.35.34.146,443,true,NL,N/A,-,Amsterdam Netherlands,-
5.45.70.203,443,true,NL,N/A,-,IROKO Networks Corporation,-
51.158.233.10,443,true,NL,N/A,-,Scaleway,-
62.212.68.100,443,true,NL,N/A,-,LeaseWeb Netherlands BV,-
62.60.245.255,443,true,NL,N/A,-,NetCrafters OU,-
62.60.245.69,443,true,NL,N/A,-,NetCrafters OU,-
62.84.172.69,443,true,NL,N/A,-,Matteo Martelloni trading as DELUXHOST,-
62.84.98.103,443,true,NL,N/A,-,Amsterdam Netherlands,-
64.225.77.36,443,true,NL,N/A,-,DigitalOcean LLC,-
66.151.32.170,443,true,NL,N/A,-,HOSTKEY BV,-
66.151.42.239,443,true,NL,N/A,-,XL,-
68.183.15.133,443,true,NL,N/A,-,DigitalOcean LLC,-
77.105.140.103,443,true,NL,N/A,-,Amsterdam Netherlands,-
77.105.142.249,443,true,NL,N/A,-,Amsterdam Netherlands,-
77.220.214.135,443,true,NL,N/A,-,Podaon SIA,-
77.233.212.94,443,true,NL,N/A,-,Timeweb LLP,-
77.239.122.27,443,true,NL,N/A,-,Amsterdam Netherlands,-
77.246.102.6,443,true,NL,N/A,-,Amsterdam Netherlands,-
77.246.104.142,443,true,NL,N/A,-,Amsterdam Netherlands,-
77.246.104.245,443,true,NL,N/A,-,Amsterdam Netherlands,-
77.246.107.252,443,true,NL,N/A,-,Amsterdam Netherlands,-
77.246.108.130,443,true,NL,N/A,-,Amsterdam Netherlands,-
77.247.178.238,443,true,NL,N/A,-,Serverhosting,-
78.142.195.227,443,true,NL,N/A,-,xTom GmbH,-
78.142.230.76,443,true,NL,N/A,-,Virtual Machine Solutions LLC,-
79.132.139.128,443,true,NL,N/A,-,wwwfornexcom Fornex Hosting SL,-
79.137.205.184,443,true,NL,N/A,-,AEZA GROUP Ltd,-
80.64.17.129,443,true,NL,N/A,-,TimewebCloud LLC,-
80.64.17.209,443,true,NL,N/A,-,TimewebCloud LLC,-
80.71.232.52,443,true,NL,N/A,-,Private Customer,-
80.74.25.110,443,true,NL,N/A,-,CLODO CLOUD SERVICE CO LLC,-
80.74.25.46,443,true,NL,N/A,-,CLODO CLOUD SERVICE CO LLC,-
80.74.26.226,443,true,NL,N/A,-,CLODO CLOUD SERVICE CO LLC,-
80.74.28.213,443,true,NL,N/A,-,CLODO CLOUD SERVICE CO LLC,-
80.74.29.157,443,true,NL,N/A,-,CLODO CLOUD SERVICE CO LLC,-
80.74.31.211,443,true,NL,N/A,-,CLODO CLOUD SERVICE CO LLC,-
80.76.34.190,443,true,NL,N/A,-,FIRST SERVER SOCIEDAD LIMITADA,-
80.76.34.29,443,true,NL,N/A,-,FIRST SERVER SOCIEDAD LIMITADA,-
80.76.35.73,443,true,NL,N/A,-,FIRST SERVER SOCIEDAD LIMITADA,-
80.76.35.90,443,true,NL,N/A,-,FIRST SERVER SOCIEDAD LIMITADA,-
81.22.132.136,443,true,NL,N/A,-,Internet Utilities Europe and Asia Limited,-
81.22.132.183,443,true,NL,N/A,-,Internet Utilities Europe and Asia Limited,-
81.4.100.123,443,true,NL,N/A,-,RouteLabel VOF,-
82.115.4.109,443,true,NL,N/A,-,SIA VEESP,-
82.115.5.207,443,true,NL,N/A,-,SIA VEESP,-
82.115.6.21,443,true,NL,N/A,-,SIA VEESP,-
82.115.6.231,443,true,NL,N/A,-,SIA VEESP,-
82.115.6.93,443,true,NL,N/A,-,SIA VEESP,-
83.147.253.194,443,true,NL,N/A,-,Aeza International LTD,-
85.192.60.46,443,true,NL,N/A,-,AEZA GROUP LLC,-
86.107.197.161,443,true,NL,N/A,-,MVPS LTD,-
86.107.197.239,443,true,NL,N/A,-,MVPS LTD,-
88.218.248.195,443,true,NL,N/A,-,GLB Bulut Teknolojisi Limited Sirketi,-
89.150.35.129,443,true,NL,N/A,-,CLODO CLOUD SERVICE CO LLC,-
89.150.35.155,443,true,NL,N/A,-,CLODO CLOUD SERVICE CO LLC,-
89.150.35.60,443,true,NL,N/A,-,CLODO CLOUD SERVICE CO LLC,-
89.150.59.208,443,true,NL,N/A,-,CLODO CLOUD SERVICE CO LLC,-
89.35.131.5,443,true,NL,N/A,-,RCS Technologies FZE LLC,-
89.46.131.91,443,true,NL,N/A,-,CLODO CLOUD SERVICE CO LLC,-
91.103.253.223,443,true,NL,N/A,-,FIRST SERVER SOCIEDAD LIMITADA,-
91.132.57.151,443,true,NL,N/A,-,CLODO CLOUD SERVICE CO LLC,-
91.132.58.156,443,true,NL,N/A,-,CLODO CLOUD SERVICE CO LLC,-
91.184.242.250,443,true,NL,N/A,-,AEZA GROUP LLC,-
91.201.114.78,443,true,NL,N/A,-,VDSINA VDS Hosting ipv6,-
91.201.115.92,443,true,NL,N/A,-,Amsterdam Netherlands,-
91.223.123.210,443,true,NL,N/A,-,Friendhosting LTD,-
91.226.124.53,443,true,NL,N/A,-,Sebastano Perero sro,-
91.232.114.118,443,true,NL,N/A,-,Telemagic BV,-
91.232.114.148,443,true,NL,N/A,-,Telemagic BV,-
92.51.47.199,443,true,NL,N/A,-,Timeweb LLP,-
93.113.171.31,443,true,NL,N/A,-,Baxet Group Inc,-
93.113.171.95,443,true,NL,N/A,-,Baxet Group Inc,-
94.103.81.63,443,true,NL,N/A,-,Amsterdam Netherlands,-
94.103.95.115,443,true,NL,N/A,-,Amsterdam Netherlands,-
94.142.137.72,443,true,NL,N/A,-,FIRST SERVER SOCIEDAD LIMITADA,-
94.177.51.198,443,true,NL,N/A,-,Individual Entrepreneur Anton Levin,-
94.241.174.229,443,true,NL,N/A,-,Timeweb LLP,-
94.241.175.74,443,true,NL,N/A,-,Timeweb LLP,-
95.140.147.83,443,true,NL,N/A,-,JSC TIMEWEB,-
95.168.174.248,443,true,NL,N/A,-,LeaseWeb Netherlands BV,-
95.179.140.212,443,true,NL,N/A,-,JW Lucasweg 35,-
95.47.138.133,443,true,NL,N/A,-,Serverel Inc,-
122.2.198.74,443,true,PH,N/A,-,IPG,-
38.54.81.111,443,true,PH,N/A,-,Kaopu Cloud HK Limited,-
103.167.234.26,443,true,PL,N/A,-,Albanian Hosting SHPK ta AlbHost SHPK,-
139.28.97.152,443,true,PL,N/A,-,Individual Entrepreneur Anton Levin,-
146.59.18.234,443,true,PL,N/A,-,OVH Sp z o o,-
176.105.253.43,443,true,PL,N/A,-,BREEZLE LLC,-
176.124.33.59,443,true,PL,N/A,-,BlueVPS OU,-
178.255.46.176,443,true,PL,N/A,-,Artnet Sp z oo,-
185.253.44.97,443,true,PL,N/A,-,Friendhosting LTD,-
185.253.45.68,443,true,PL,N/A,-,Friendhosting LTD,-
188.116.40.37,443,true,PL,N/A,-,Artnet Sp z oo,-
217.182.79.55,443,true,PL,N/A,-,OVH Sp z o o,-
37.252.10.91,443,true,PL,N/A,-,IROKO Networks Corporation,-
37.252.6.119,443,true,PL,N/A,-,IROKO Networks Corporation,-
45.144.48.58,443,true,PL,N/A,-,Newserverlife LLC,-
45.144.49.146,443,true,PL,N/A,-,Newserverlife LLC,-
45.144.50.4,443,true,PL,N/A,-,Newserverlife LLC,-
51.68.141.223,443,true,PL,N/A,-,OVH Sp z o o,-
51.75.32.106,443,true,PL,N/A,-,OVH Sp z o o,-
51.77.58.226,443,true,PL,N/A,-,OVH Sp z o o,-
54.36.186.141,443,true,PL,N/A,-,OVH Sp z o o,-
54.37.235.201,443,true,PL,N/A,-,OVH Sp z o o,-
64.176.68.73,443,true,PL,N/A,-,The Constant Company LLC,-
70.34.243.123,443,true,PL,N/A,-,The Constant Company LLC,-
91.149.253.249,443,true,PL,N/A,-,Baxet Group Inc,-
95.164.90.133,443,true,PL,N/A,-,Netassist Limited,-
185.104.181.228,443,true,RO,N/A,-,DataNode DC SRL,-
38.180.205.71,443,true,RO,N/A,-,3NT SOLUTIONS LLP,-
45.67.34.89,443,true,RO,N/A,-,Cloudflare London LLC,-
85.90.196.11,443,true,RO,N/A,-,GREEN FLOID LLC,-
38.180.100.80,443,true,RS,N/A,-,3NT SOLUTIONS LLP,-
89.46.236.145,443,true,RS,N/A,-,EDIS IPv6 Infrastructure in Serbia,-
103.88.242.134,443,true,RU,N/A,-,JSC TIMEWEB,-
109.73.205.8,443,true,RU,N/A,-,JSC TIMEWEB,-
147.45.245.15,443,true,RU,N/A,-,JSC TIMEWEB,-
185.105.117.222,443,true,RU,N/A,-,PSERVERS Enterprise Network,-
185.125.219.164,443,true,RU,N/A,-,PSERVERS Enterprise Network,-
185.137.235.254,443,true,RU,N/A,-,Selectel Network,-
185.151.243.200,443,true,RU,N/A,-,Selectel Network,-
185.170.10.35,443,true,RU,N/A,-,ServTech LTD,-
188.225.34.155,443,true,RU,N/A,-,TimeWeb Ltd,-
188.68.223.17,443,true,RU,N/A,-,Selectel Network,-
194.67.203.149,443,true,RU,N/A,-,PSERVERS Enterprise Network,-
2.59.165.35,443,true,RU,N/A,-,Comfortel Ltd,-
212.41.15.119,443,true,RU,N/A,-,Selectel Network,-
213.183.41.226,443,true,RU,N/A,-,Happy Technologies LLC,-
31.129.49.103,443,true,RU,N/A,-,Selectel Network,-
45.10.41.205,443,true,RU,N/A,-,JSC TIMEWEB,-
45.129.2.201,443,true,RU,N/A,-,LLC Baxet,-
5.159.101.86,443,true,RU,N/A,-,Selectel Network,-
51.250.47.71,443,true,RU,N/A,-,YandexCloud LLC,-
77.73.66.223,443,true,RU,N/A,-,veespcom clients,-
77.73.68.99,443,true,RU,N/A,-,VISP LLC,-
79.174.13.53,443,true,RU,N/A,-,JSC IOT,-
85.198.109.141,443,true,RU,N/A,-,Hosting technology LTD,-
88.210.35.159,443,true,RU,N/A,-,VDSINA VDS Hosting ipv6,-
91.107.127.205,443,true,RU,N/A,-,JSC IOT,-
92.241.18.106,443,true,RU,N/A,-,JSC Svyazinform,-
95.171.21.193,443,true,RU,N/A,-,Universum bit Ltd,-
103.177.249.122,443,true,SE,N/A,-,Hostup AB,-
109.120.134.216,443,true,SE,N/A,-,Aeza International LTD,-
16.171.118.250,443,true,SE,N/A,-,A100 ROW Inc,-
192.145.30.27,443,true,SE,N/A,-,Baykov Ilya Sergeevich,-
192.145.30.29,443,true,SE,N/A,-,Baykov Ilya Sergeevich,-
206.168.213.106,443,true,SE,N/A,-,Hostup AB,-
206.168.213.50,443,true,SE,N/A,-,DFDB LLC,-
31.25.29.199,443,true,SE,N/A,-,NetCrafters OU,-
41.216.182.105,443,true,SE,N/A,-,FORTIS Hosting services,-
45.82.80.96,443,true,SE,N/A,-,Internetport Sweden AB,-
51.21.156.13,443,true,SE,N/A,-,A100 ROW Inc,-
62.60.186.41,443,true,SE,N/A,-,Aeza International LTD,-
77.110.97.230,443,true,SE,N/A,-,Aeza International LTD,-
77.221.141.146,443,true,SE,N/A,-,Aeza International LTD,-
83.147.254.115,443,true,SE,N/A,-,Aeza International LTD,-
83.147.254.168,443,true,SE,N/A,-,Aeza International LTD,-
83.147.254.245,443,true,SE,N/A,-,Aeza International LTD,-
83.147.254.63,443,true,SE,N/A,-,Aeza International LTD,-
83.147.254.71,443,true,SE,N/A,-,Aeza International LTD,-
83.219.243.50,443,true,SE,N/A,-,Baykov Ilya Sergeevich,-
83.219.250.141,443,true,SE,N/A,-,Baykov Ilya Sergeevich,-
89.169.34.174,443,true,SE,N/A,-,AEZA GROUP LLC,-
89.22.232.39,443,true,SE,N/A,-,Aeza International LTD,-
89.22.233.52,443,true,SE,N/A,-,Aeza International LTD,-
89.22.236.205,443,true,SE,N/A,-,Aeza International LTD,-
91.184.240.196,443,true,SE,N/A,-,Aeza International LTD,-
91.186.216.240,443,true,SE,N/A,-,NetCrafters OU,-
91.186.217.94,443,true,SE,N/A,-,Aeza International LTD,-
91.186.218.221,443,true,SE,N/A,-,Aeza International LTD,-
91.186.218.231,443,true,SE,N/A,-,Aeza International LTD,-
91.186.219.122,443,true,SE,N/A,-,Aeza International LTD,-
91.186.219.15,443,true,SE,N/A,-,Aeza International LTD,-
91.186.219.82,443,true,SE,N/A,-,NetCrafters OU,-
94.242.58.117,443,true,SE,N/A,-,SIA VEESP,-
94.242.59.190,443,true,SE,N/A,-,SIA VEESP,-
95.143.196.18,443,true,SE,N/A,-,Internetport Sweden AB,-
104.43.91.69,443,true,SG,N/A,-,Microsoft Corporation,-
124.156.202.172,443,true,SG,N/A,-,16 COLLYER QUAY,-
129.226.150.167,443,true,SG,N/A,-,6 COLLYER QUAY,-
13.250.31.132,443,true,SG,N/A,-,Amazon Data Services Singapore,-
138.2.64.229,443,true,SG,N/A,-,Oracle Corporation,-
139.180.159.133,443,true,SG,N/A,-,SGPVULTRCUST,-
139.99.124.165,443,true,SG,N/A,-,OVH SINGAPOR DC,-
143.42.66.91,443,true,SG,N/A,-,M1 LIMITED,-
150.109.11.223,443,true,SG,N/A,-,16 COLLYER QUAY,-
158.178.229.178,443,true,SG,N/A,-,Oracle Corporation,-
164.52.2.100,443,true,SG,N/A,-,UCULSG,-
164.52.2.98,443,true,SG,N/A,-,UCULSG,-
164.52.2.99,443,true,SG,N/A,-,UCULSG,-
168.138.165.174,443,true,SG,N/A,-,Oracle Public Cloud,-
168.138.189.91,443,true,SG,N/A,-,Oracle Public Cloud,-
178.128.86.3,443,true,SG,N/A,-,DigitalOcean LLC,-
188.166.249.31,443,true,SG,N/A,-,DigitalOcean LLC,-
194.156.163.45,443,true,SG,N/A,-,Misaka Network Inc,-
3.0.50.69,443,true,SG,N/A,-,Amazon Data Services Singapore,-
43.156.116.194,443,true,SG,N/A,-,6 COLLYER QUAY,-
43.156.181.203,443,true,SG,N/A,-,16 COLLYER QUAY,-
68.183.227.180,443,true,SG,N/A,-,DigitalOcean LLC,-
68.183.227.216,443,true,SG,N/A,-,DigitalOcean LLC,-
185.235.16.12,443,true,SY,N/A,-,Bitakat Company LTD,-
43.133.110.81,443,true,TH,N/A,-,6 COLLYER QUAY,-
138.124.107.35,443,true,TR,N/A,-,Plant Holding GmbH,-
141.98.118.80,443,true,TR,N/A,-,Hostigger INC,-
185.200.36.36,443,true,TR,N/A,-,High Speed Telekomunikasyon ve Hab Hiz Ltd Sti,-
185.234.66.91,443,true,TR,N/A,-,WorkTitans BV,-
185.235.243.172,443,true,TR,N/A,-,WorkTitans BV,-
188.132.141.24,443,true,TR,N/A,-,Geo Teknoloji AS,-
195.16.74.73,443,true,TR,N/A,-,WorkTitans BV,-
2.56.127.137,443,true,TR,N/A,-,WorkTitans BV,-
212.192.6.248,443,true,TR,N/A,-,Baxet Group Inc,-
45.89.52.247,443,true,TR,N/A,-,WorkTitans BV,-
77.92.145.164,443,true,TR,N/A,-,ULTAHOST HOSTING VE VERI MERKEZI LTD STI,-
84.32.230.201,443,true,TR,N/A,-,Private Customer,-
94.131.123.173,443,true,TR,N/A,-,WorkTitans BV,-
94.131.123.74,443,true,TR,N/A,-,WorkTitans BV,-
130.0.238.236,443,true,UA,N/A,-,IROKO Networks Corporation,-
31.41.221.121,443,true,UA,N/A,-,ONLINE Ltd,-
91.218.212.223,443,true,UA,N/A,-,TOV Dream Line Holding,-
103.29.32.66,443,true,US,N/A,-,Aryaka Networks Inc,-
104.168.146.122,443,true,US,N/A,-,HostPapa,-
104.224.181.22,443,true,US,N/A,-,IT7 Networks Inc,-
104.225.153.70,443,true,US,N/A,-,Cluster Logic Inc,-
104.225.235.38,443,true,US,N/A,-,Cluster Logic Inc,-
107.170.4.12,443,true,US,N/A,-,DigitalOcean LLC,-
107.172.87.247,443,true,US,N/A,-,RackNerd LLC,-
107.173.87.103,443,true,US,N/A,-,RackNerd LLC,-
107.174.204.129,443,true,US,N/A,-,RackNerd LLC,-
107.175.194.31,443,true,US,N/A,-,RackNerd LLC,-
128.199.0.28,443,true,US,N/A,-,DigitalOcean LLC,-
128.203.252.97,443,true,US,N/A,-,Microsoft Corp,-
129.146.46.164,443,true,US,N/A,-,Oracle Corporation,-
129.159.84.71,443,true,US,N/A,-,Oracle Corporation,-
137.184.122.138,443,true,US,N/A,-,DigitalOcean LLC,-
138.128.247.246,443,true,US,N/A,-,Cloud Web Manage,-
139.177.185.196,443,true,US,N/A,-,Akamai Connected Cloud  Linode,-
141.148.187.195,443,true,US,N/A,-,Oracle Corporation,-
141.148.93.235,443,true,US,N/A,-,Oracle Corporation,-
143.198.31.221,443,true,US,N/A,-,DigitalOcean LLC,-
144.202.11.133,443,true,US,N/A,-,The Constant Company LLC,-
144.202.126.54,443,true,US,N/A,-,Vultr Holdings LLC,-
146.235.199.164,443,true,US,N/A,-,Oracle Corporation,-
147.135.10.209,443,true,US,N/A,-,OVH US LLC,-
147.182.229.237,443,true,US,N/A,-,DigitalOcean LLC,-
147.45.124.210,443,true,US,N/A,-,Huize Holdings LLC,-
147.75.230.160,443,true,US,N/A,-,Aryaka Networks Inc,-
147.75.230.33,443,true,US,N/A,-,Aryaka Networks Inc,-
149.28.62.21,443,true,US,N/A,-,Vultr Holdings LLC,-
149.28.92.56,443,true,US,N/A,-,Vultr Holdings LLC,-
149.28.94.52,443,true,US,N/A,-,Vultr Holdings LLC,-
150.136.254.79,443,true,US,N/A,-,Oracle Public Cloud,-
154.17.225.73,443,true,US,N/A,-,DMIT Cloud Services,-
154.9.227.100,443,true,US,N/A,-,NetLab,-
156.154.208.11,443,true,US,N/A,-,Vercara LLC,-
156.154.245.83,443,true,US,N/A,-,Vercara LLC,-
156.154.245.84,443,true,US,N/A,-,Vercara LLC,-
158.101.24.17,443,true,US,N/A,-,Oracle Public Cloud,-
159.223.201.58,443,true,US,N/A,-,DigitalOcean LLC,-
159.60.146.81,443,true,US,N/A,-,F5 XC,-
159.60.146.82,443,true,US,N/A,-,F5 XC,-
159.65.240.40,443,true,US,N/A,-,DigitalOcean LLC,-
162.243.0.223,443,true,US,N/A,-,DigitalOcean LLC,-
162.243.1.134,443,true,US,N/A,-,DigitalOcean LLC,-
162.243.115.21,443,true,US,N/A,-,DigitalOcean LLC,-
162.243.115.22,443,true,US,N/A,-,DigitalOcean LLC,-
162.243.115.23,443,true,US,N/A,-,DigitalOcean LLC,-
162.243.8.196,443,true,US,N/A,-,DigitalOcean LLC,-
165.227.11.101,443,true,US,N/A,-,DigitalOcean LLC,-
165.227.3.141,443,true,US,N/A,-,DigitalOcean LLC,-
165.232.136.226,443,true,US,N/A,-,DigitalOcean LLC,-
166.1.160.140,443,true,US,N/A,-,Ace Data Centers Inc,-
167.99.49.60,443,true,US,N/A,-,DigitalOcean LLC,-
172.174.11.248,443,true,US,N/A,-,Microsoft Limited,-
172.212.108.47,443,true,US,N/A,-,Microsoft Limited,-
172.235.54.221,443,true,US,N/A,-,Linode LLC,-
172.236.251.37,443,true,US,N/A,-,Linode,-
172.245.182.112,443,true,US,N/A,-,HostPapa,-
172.86.73.221,443,true,US,N/A,-,RouterHosting LLC,-
174.137.61.42,443,true,US,N/A,-,Cluster Logic Inc,-
178.156.139.174,443,true,US,N/A,-,Hetzner Online GmbH,-
18.216.55.100,443,true,US,N/A,-,Amazon Technologies Inc,-
18.222.50.18,443,true,US,N/A,-,Amazon Technologies Inc,-
184.95.40.67,443,true,US,N/A,-,SECURED SERVERS LLC,-
185.186.245.90,443,true,US,N/A,-,INXY LTD,-
185.255.198.123,443,true,US,N/A,-,BACK WAVES LIMITED  US,-
185.44.66.194,443,true,US,N/A,-,MASSIVEGRID LTD,-
192.193.104.25,443,true,US,N/A,-,Citibank NA,-
192.243.119.121,443,true,US,N/A,-,IT7 Networks Inc,-
192.3.155.217,443,true,US,N/A,-,RackNerd LLC,-
192.3.199.95,443,true,US,N/A,-,HostPapa,-
192.3.251.89,443,true,US,N/A,-,RackNerd LLC,-
192.80.63.51,443,true,US,N/A,-,Perfecto Mobile Inc,-
192.9.139.160,443,true,US,N/A,-,Oracle Corporation,-
192.9.250.241,443,true,US,N/A,-,Oracle Corporation,-
198.160.7.51,443,true,US,N/A,-,Perfecto Mobile Inc,-
198.23.150.223,443,true,US,N/A,-,Hurricane Electric LLC,-
198.251.81.70,443,true,US,N/A,-,FranTech Solutions,-
198.52.244.111,443,true,US,N/A,-,Kamatera Inc,-
198.57.46.6,443,true,US,N/A,-,Secure Dragon LLC,-
198.96.88.148,443,true,US,N/A,-,Interserver Inc,-
204.12.225.226,443,true,US,N/A,-,WholeSale Internet Inc,-
206.223.84.247,443,true,US,N/A,-,Atlantic Cellular Management Company,-
207.246.94.121,443,true,US,N/A,-,The Constant Company LLC,-
207.246.98.244,443,true,US,N/A,-,Vultr Holdings LLC,-
209.237.135.93,443,true,US,N/A,-,Webcom Group Inc,-
213.170.157.1,443,true,US,N/A,-,RedShield Security Ltd,-
23.105.197.36,443,true,US,N/A,-,IT7 Networks Inc,-
23.94.103.194,443,true,US,N/A,-,RackNerd LLC,-
23.94.43.51,443,true,US,N/A,-,RackNerd LLC,-
23.95.113.61,443,true,US,N/A,-,RackNerd LLC,-
23.95.56.195,443,true,US,N/A,-,RackNerd LLC,-
23.95.91.159,443,true,US,N/A,-,RackNerd LLC,-
3.86.85.68,443,true,US,N/A,-,Amazon Data Services Northern Virginia,-
31.169.125.150,443,true,US,N/A,-,Baykov Ilya Sergeevich,-
31.172.69.16,443,true,US,N/A,-,wwwfornexcom Fornex Hosting SL,-
31.172.79.194,443,true,US,N/A,-,tzulo inc,-
31.220.31.67,443,true,US,N/A,-,Hostinger International Limited,-
34.105.49.234,443,true,US,N/A,-,Google LLC,-
34.136.112.104,443,true,US,N/A,-,Google LLC,-
34.82.76.253,443,true,US,N/A,-,Google LLC,-
34.83.245.149,443,true,US,N/A,-,Google LLC,-
35.197.23.75,443,true,US,N/A,-,Google LLC,-
35.230.79.26,443,true,US,N/A,-,Google LLC,-
35.239.174.101,443,true,US,N/A,-,Google LLC,-
35.247.124.181,443,true,US,N/A,-,Google LLC,-
38.146.27.51,443,true,US,N/A,-,UltaHost,-
38.244.31.27,443,true,US,N/A,-,NetLab,-
38.60.91.95,443,true,US,N/A,-,KURUN CLOUD INC,-
43.153.105.7,443,true,US,N/A,-,6 COLLYER QUAY,-
43.153.78.145,443,true,US,N/A,-,6 COLLYER QUAY,-
44.209.52.7,443,true,US,N/A,-,Amazon Data Services Northern Virginia,-
44.246.4.70,443,true,US,N/A,-,Amazoncom Inc,-
45.138.27.90,443,true,US,N/A,-,ITGLOBALCOM NL BV,-
45.158.127.48,443,true,US,N/A,-,SERVA ONE LTD,-
45.77.121.176,443,true,US,N/A,-,Vultr Holdings LLC,-
46.17.107.183,443,true,US,N/A,-,FIRST SERVER SOCIEDAD LIMITADA,-
46.17.107.199,443,true,US,N/A,-,FIRST SERVER SOCIEDAD LIMITADA,-
47.102.212.166,443,true,US,N/A,-,Amazon Technologies Inc,-
47.251.95.178,443,true,US,N/A,-,Alibaba Cloud  US,-
47.57.181.17,443,true,US,N/A,-,Alibaba Cloud  US,-
5.78.58.218,443,true,US,N/A,-,Hetzner Online GmbH,-
50.112.33.254,443,true,US,N/A,-,Amazoncom Inc,-
50.228.203.26,443,true,US,N/A,-,Comcast Cable Communications LLC,-
51.81.209.10,443,true,US,N/A,-,OVH US LLC,-
52.230.146.177,443,true,US,N/A,-,Microsoft Corporation,-
54.213.214.160,443,true,US,N/A,-,Amazoncom Inc,-
63.142.251.8,443,true,US,N/A,-,Nodisto IT LLC,-
64.137.9.20,443,true,US,N/A,-,3HCLOUD LLC,-
64.181.218.67,443,true,US,N/A,-,Oracle Corporation,-
64.181.227.82,443,true,US,N/A,-,Oracle Corporation,-
64.181.240.173,443,true,US,N/A,-,Oracle Corporation,-
64.181.247.243,443,true,US,N/A,-,Oracle Corporation,-
64.64.248.18,443,true,US,N/A,-,Cluster Logic Inc,-
66.253.7.79,443,true,US,N/A,-,Bunny Communications,-
67.209.183.236,443,true,US,N/A,-,Hurricane Electric LLC,-
72.13.122.137,443,true,US,N/A,-,Total Uptime Technologies LLC,-
74.48.140.177,443,true,US,N/A,-,MULTACOM CORPORATION,-
77.110.114.56,443,true,US,N/A,-,NetCrafters OU,-
77.110.124.132,443,true,US,N/A,-,NetCrafters OU,-
77.110.124.146,443,true,US,N/A,-,NetCrafters OU,-
8.221.126.227,443,true,US,N/A,-,Aliyun Computing CoLTD,-
91.149.239.206,443,true,US,N/A,-,BGNETWORK,-
92.118.10.173,443,true,US,N/A,-,FIRST SERVER SOCIEDAD LIMITADA,-
98.158.193.72,443,true,US,N/A,-,Internet Brands Inc,-
82.148.2.86,443,true,UZ,N/A,-,SERVERCORE UZ Network,-
103.70.13.72,443,true,VN,N/A,-,HYPERNODE ONE MEMBER COMPANY LIMITED,-
123.58.199.241,443,true,VN,N/A,-,UCLOUD INFORMATION TECHNOLOGY HK LIMITED,-
102.130.120.40,443,true,ZA,N/A,-,Light Bridge Internet Pty Ltd,-
102.210.243.7,443,true,ZA,N/A,-,Light Bridge Internet Pty Ltd,-
